nohup: ignoring input
INFO:     Will watch for changes in these directories: ['/root/liao/12345']
INFO:     Uvicorn running on http://0.0.0.0:8889 (Press CTRL+C to quit)
INFO:     Started reloader process [648633] using StatReload
/root/anaconda3/envs/mcp/lib/python3.10/site-packages/websockets/legacy/__init__.py:6: DeprecationWarning: websockets.legacy is deprecated; see https://websockets.readthedocs.io/en/stable/howto/upgrade.html for upgrade instructions
  warnings.warn(  # deprecated in 14.0 - 2024-11-09
/root/anaconda3/envs/mcp/lib/python3.10/site-packages/uvicorn/protocols/websockets/websockets_impl.py:17: DeprecationWarning: websockets.server.WebSocketServerProtocol is deprecated
  from websockets.server import WebSocketServerProtocol
INFO:     Started server process [648647]
INFO:     Waiting for application startup.
INFO:     Application startup complete.
INFO:     127.0.0.1:43734 - "GET / HTTP/1.1" 200 OK
INFO:     127.0.0.1:43734 - "GET /favicon.ico HTTP/1.1" 404 Not Found
INFO:     127.0.0.1:54528 - "GET / HTTP/1.1" 200 OK
收到【日报】生成请求，日期: 2025-06-06
[2025-06-06] 开始生成日报
>> 正在生成主体日报...
主体日报生成完毕。
>> 正在生成街道统计表...
街道统计表生成完毕。
>> 正在生成街道统计表...
街道统计表生成完毕。
>> 正在生成委办局统计表...
委办局统计表生成完毕。
生成完毕，正在合并结果...
INFO:     127.0.0.1:52918 - "POST /api/generate_report HTTP/1.1" 200 OK
INFO:     127.0.0.1:41310 - "GET /favicon.ico HTTP/1.1" 404 Not Found
收到【日报】生成请求，日期: 2025-06-05
[2025-06-05] 开始生成日报
>> 正在生成主体日报...
主体日报生成完毕。
>> 正在生成街道统计表...
街道统计表生成完毕。
>> 正在生成街道统计表...
街道统计表生成完毕。
>> 正在生成委办局统计表...
委办局统计表生成完毕。
生成完毕，正在合并结果...
INFO:     127.0.0.1:38114 - "POST /api/generate_report HTTP/1.1" 200 OK
收到【供暖报告】生成请求，年份: 2024
[2024] 开始生成供暖报告
>> 正在生成供暖报告...
主体供暖报告生成完毕。
非供暖季供暖报告生成完毕。
生成完毕...
INFO:     127.0.0.1:42976 - "POST /api/generate_heating_report HTTP/1.1" 200 OK
收到【日报】生成请求，日期: 2025-06-05
[2025-06-05] 开始生成日报
>> 正在生成主体日报...
主体日报生成完毕。
>> 正在生成街道统计表...
街道统计表生成完毕。
>> 正在生成街道统计表...
街道统计表生成完毕。
>> 正在生成委办局统计表...
委办局统计表生成完毕。
生成完毕，正在合并结果...
INFO:     127.0.0.1:37882 - "POST /api/generate_report HTTP/1.1" 200 OK
INFO:     127.0.0.1:55984 - "GET / HTTP/1.1" 200 OK
INFO:     127.0.0.1:55984 - "GET /favicon.ico HTTP/1.1" 404 Not Found
INFO:     127.0.0.1:49042 - "GET / HTTP/1.1" 200 OK
WARNING:  StatReload detected changes in 'mcp_llm_clint.py'. Reloading...
INFO:     Shutting down
INFO:     Waiting for application shutdown.
INFO:     Application shutdown complete.
INFO:     Finished server process [648647]
/root/anaconda3/envs/mcp/lib/python3.10/site-packages/websockets/legacy/__init__.py:6: DeprecationWarning: websockets.legacy is deprecated; see https://websockets.readthedocs.io/en/stable/howto/upgrade.html for upgrade instructions
  warnings.warn(  # deprecated in 14.0 - 2024-11-09
/root/anaconda3/envs/mcp/lib/python3.10/site-packages/uvicorn/protocols/websockets/websockets_impl.py:17: DeprecationWarning: websockets.server.WebSocketServerProtocol is deprecated
  from websockets.server import WebSocketServerProtocol
INFO:     Started server process [2393382]
INFO:     Waiting for application startup.
INFO:     Application startup complete.
WARNING:  StatReload detected changes in 'mcp_llm_clint.py'. Reloading...
INFO:     Shutting down
INFO:     Waiting for application shutdown.
INFO:     Application shutdown complete.
INFO:     Finished server process [2393382]
/root/anaconda3/envs/mcp/lib/python3.10/site-packages/websockets/legacy/__init__.py:6: DeprecationWarning: websockets.legacy is deprecated; see https://websockets.readthedocs.io/en/stable/howto/upgrade.html for upgrade instructions
  warnings.warn(  # deprecated in 14.0 - 2024-11-09
/root/anaconda3/envs/mcp/lib/python3.10/site-packages/uvicorn/protocols/websockets/websockets_impl.py:17: DeprecationWarning: websockets.server.WebSocketServerProtocol is deprecated
  from websockets.server import WebSocketServerProtocol
INFO:     Started server process [2393575]
INFO:     Waiting for application startup.
INFO:     Application startup complete.
WARNING:  StatReload detected changes in 'mcp_llm_clint.py'. Reloading...
INFO:     Shutting down
INFO:     Waiting for application shutdown.
INFO:     Application shutdown complete.
INFO:     Finished server process [2393575]
/root/anaconda3/envs/mcp/lib/python3.10/site-packages/websockets/legacy/__init__.py:6: DeprecationWarning: websockets.legacy is deprecated; see https://websockets.readthedocs.io/en/stable/howto/upgrade.html for upgrade instructions
  warnings.warn(  # deprecated in 14.0 - 2024-11-09
/root/anaconda3/envs/mcp/lib/python3.10/site-packages/uvicorn/protocols/websockets/websockets_impl.py:17: DeprecationWarning: websockets.server.WebSocketServerProtocol is deprecated
  from websockets.server import WebSocketServerProtocol
INFO:     Started server process [2404744]
INFO:     Waiting for application startup.
INFO:     Application startup complete.
WARNING:  StatReload detected changes in 'mcp_llm_clint.py'. Reloading...
INFO:     Shutting down
INFO:     Waiting for application shutdown.
INFO:     Application shutdown complete.
INFO:     Finished server process [2404744]
/root/anaconda3/envs/mcp/lib/python3.10/site-packages/websockets/legacy/__init__.py:6: DeprecationWarning: websockets.legacy is deprecated; see https://websockets.readthedocs.io/en/stable/howto/upgrade.html for upgrade instructions
  warnings.warn(  # deprecated in 14.0 - 2024-11-09
/root/anaconda3/envs/mcp/lib/python3.10/site-packages/uvicorn/protocols/websockets/websockets_impl.py:17: DeprecationWarning: websockets.server.WebSocketServerProtocol is deprecated
  from websockets.server import WebSocketServerProtocol
INFO:     Started server process [2416038]
INFO:     Waiting for application startup.
INFO:     Application startup complete.
WARNING:  StatReload detected changes in 'mcp_llm_clint.py'. Reloading...
INFO:     Shutting down
INFO:     Waiting for application shutdown.
INFO:     Application shutdown complete.
INFO:     Finished server process [2416038]
/root/anaconda3/envs/mcp/lib/python3.10/site-packages/websockets/legacy/__init__.py:6: DeprecationWarning: websockets.legacy is deprecated; see https://websockets.readthedocs.io/en/stable/howto/upgrade.html for upgrade instructions
  warnings.warn(  # deprecated in 14.0 - 2024-11-09
/root/anaconda3/envs/mcp/lib/python3.10/site-packages/uvicorn/protocols/websockets/websockets_impl.py:17: DeprecationWarning: websockets.server.WebSocketServerProtocol is deprecated
  from websockets.server import WebSocketServerProtocol
INFO:     Started server process [2416255]
INFO:     Waiting for application startup.
INFO:     Application startup complete.
WARNING:  StatReload detected changes in 'mcp_llm_clint.py'. Reloading...
INFO:     Shutting down
INFO:     Waiting for application shutdown.
INFO:     Application shutdown complete.
INFO:     Finished server process [2416255]
/root/anaconda3/envs/mcp/lib/python3.10/site-packages/websockets/legacy/__init__.py:6: DeprecationWarning: websockets.legacy is deprecated; see https://websockets.readthedocs.io/en/stable/howto/upgrade.html for upgrade instructions
  warnings.warn(  # deprecated in 14.0 - 2024-11-09
/root/anaconda3/envs/mcp/lib/python3.10/site-packages/uvicorn/protocols/websockets/websockets_impl.py:17: DeprecationWarning: websockets.server.WebSocketServerProtocol is deprecated
  from websockets.server import WebSocketServerProtocol
INFO:     Started server process [2418810]
INFO:     Waiting for application startup.
INFO:     Application startup complete.
WARNING:  StatReload detected changes in 'mcp_llm_clint.py'. Reloading...
INFO:     Shutting down
INFO:     Waiting for application shutdown.
INFO:     Application shutdown complete.
INFO:     Finished server process [2418810]
/root/anaconda3/envs/mcp/lib/python3.10/site-packages/websockets/legacy/__init__.py:6: DeprecationWarning: websockets.legacy is deprecated; see https://websockets.readthedocs.io/en/stable/howto/upgrade.html for upgrade instructions
  warnings.warn(  # deprecated in 14.0 - 2024-11-09
/root/anaconda3/envs/mcp/lib/python3.10/site-packages/uvicorn/protocols/websockets/websockets_impl.py:17: DeprecationWarning: websockets.server.WebSocketServerProtocol is deprecated
  from websockets.server import WebSocketServerProtocol
INFO:     Started server process [2419079]
INFO:     Waiting for application startup.
INFO:     Application startup complete.
WARNING:  StatReload detected changes in 'mcp_llm_clint.py'. Reloading...
INFO:     Shutting down
INFO:     Waiting for application shutdown.
INFO:     Application shutdown complete.
INFO:     Finished server process [2419079]
/root/anaconda3/envs/mcp/lib/python3.10/site-packages/websockets/legacy/__init__.py:6: DeprecationWarning: websockets.legacy is deprecated; see https://websockets.readthedocs.io/en/stable/howto/upgrade.html for upgrade instructions
  warnings.warn(  # deprecated in 14.0 - 2024-11-09
/root/anaconda3/envs/mcp/lib/python3.10/site-packages/uvicorn/protocols/websockets/websockets_impl.py:17: DeprecationWarning: websockets.server.WebSocketServerProtocol is deprecated
  from websockets.server import WebSocketServerProtocol
INFO:     Started server process [2420919]
INFO:     Waiting for application startup.
INFO:     Application startup complete.
WARNING:  StatReload detected changes in 'mcp_llm_clint.py'. Reloading...
INFO:     Shutting down
INFO:     Waiting for application shutdown.
INFO:     Application shutdown complete.
INFO:     Finished server process [2420919]
/root/anaconda3/envs/mcp/lib/python3.10/site-packages/websockets/legacy/__init__.py:6: DeprecationWarning: websockets.legacy is deprecated; see https://websockets.readthedocs.io/en/stable/howto/upgrade.html for upgrade instructions
  warnings.warn(  # deprecated in 14.0 - 2024-11-09
/root/anaconda3/envs/mcp/lib/python3.10/site-packages/uvicorn/protocols/websockets/websockets_impl.py:17: DeprecationWarning: websockets.server.WebSocketServerProtocol is deprecated
  from websockets.server import WebSocketServerProtocol
INFO:     Started server process [2422806]
INFO:     Waiting for application startup.
INFO:     Application startup complete.
WARNING:  StatReload detected changes in 'report/dailyreport_llm_mcp.py'. Reloading...
INFO:     Shutting down
INFO:     Waiting for application shutdown.
INFO:     Application shutdown complete.
INFO:     Finished server process [2422806]
/root/anaconda3/envs/mcp/lib/python3.10/site-packages/websockets/legacy/__init__.py:6: DeprecationWarning: websockets.legacy is deprecated; see https://websockets.readthedocs.io/en/stable/howto/upgrade.html for upgrade instructions
  warnings.warn(  # deprecated in 14.0 - 2024-11-09
/root/anaconda3/envs/mcp/lib/python3.10/site-packages/uvicorn/protocols/websockets/websockets_impl.py:17: DeprecationWarning: websockets.server.WebSocketServerProtocol is deprecated
  from websockets.server import WebSocketServerProtocol
INFO:     Started server process [2463815]
INFO:     Waiting for application startup.
INFO:     Application startup complete.
WARNING:  StatReload detected changes in 'report/dailyreport_llm_mcp.py'. Reloading...
INFO:     Shutting down
INFO:     Waiting for application shutdown.
INFO:     Application shutdown complete.
INFO:     Finished server process [2463815]
/root/anaconda3/envs/mcp/lib/python3.10/site-packages/websockets/legacy/__init__.py:6: DeprecationWarning: websockets.legacy is deprecated; see https://websockets.readthedocs.io/en/stable/howto/upgrade.html for upgrade instructions
  warnings.warn(  # deprecated in 14.0 - 2024-11-09
/root/anaconda3/envs/mcp/lib/python3.10/site-packages/uvicorn/protocols/websockets/websockets_impl.py:17: DeprecationWarning: websockets.server.WebSocketServerProtocol is deprecated
  from websockets.server import WebSocketServerProtocol
INFO:     Started server process [2463891]
INFO:     Waiting for application startup.
INFO:     Application startup complete.
WARNING:  StatReload detected changes in 'mcp_llm_clint.py'. Reloading...
INFO:     Shutting down
INFO:     Waiting for application shutdown.
INFO:     Application shutdown complete.
INFO:     Finished server process [2463891]
/root/anaconda3/envs/mcp/lib/python3.10/site-packages/websockets/legacy/__init__.py:6: DeprecationWarning: websockets.legacy is deprecated; see https://websockets.readthedocs.io/en/stable/howto/upgrade.html for upgrade instructions
  warnings.warn(  # deprecated in 14.0 - 2024-11-09
/root/anaconda3/envs/mcp/lib/python3.10/site-packages/uvicorn/protocols/websockets/websockets_impl.py:17: DeprecationWarning: websockets.server.WebSocketServerProtocol is deprecated
  from websockets.server import WebSocketServerProtocol
INFO:     Started server process [2464853]
INFO:     Waiting for application startup.
INFO:     Application startup complete.
WARNING:  StatReload detected changes in 'report/dailyreport_llm_mcp.py'. Reloading...
INFO:     Shutting down
INFO:     Waiting for application shutdown.
INFO:     Application shutdown complete.
INFO:     Finished server process [2464853]
/root/anaconda3/envs/mcp/lib/python3.10/site-packages/websockets/legacy/__init__.py:6: DeprecationWarning: websockets.legacy is deprecated; see https://websockets.readthedocs.io/en/stable/howto/upgrade.html for upgrade instructions
  warnings.warn(  # deprecated in 14.0 - 2024-11-09
/root/anaconda3/envs/mcp/lib/python3.10/site-packages/uvicorn/protocols/websockets/websockets_impl.py:17: DeprecationWarning: websockets.server.WebSocketServerProtocol is deprecated
  from websockets.server import WebSocketServerProtocol
INFO:     Started server process [2465300]
INFO:     Waiting for application startup.
INFO:     Application startup complete.
WARNING:  StatReload detected changes in 'report/dailyreport_llm_mcp.py'. Reloading...
INFO:     Shutting down
INFO:     Waiting for application shutdown.
INFO:     Application shutdown complete.
INFO:     Finished server process [2465300]
/root/anaconda3/envs/mcp/lib/python3.10/site-packages/websockets/legacy/__init__.py:6: DeprecationWarning: websockets.legacy is deprecated; see https://websockets.readthedocs.io/en/stable/howto/upgrade.html for upgrade instructions
  warnings.warn(  # deprecated in 14.0 - 2024-11-09
/root/anaconda3/envs/mcp/lib/python3.10/site-packages/uvicorn/protocols/websockets/websockets_impl.py:17: DeprecationWarning: websockets.server.WebSocketServerProtocol is deprecated
  from websockets.server import WebSocketServerProtocol
INFO:     Started server process [2465322]
INFO:     Waiting for application startup.
INFO:     Application startup complete.
WARNING:  StatReload detected changes in 'report/dailyreport_llm_mcp.py'. Reloading...
INFO:     Shutting down
INFO:     Waiting for application shutdown.
INFO:     Application shutdown complete.
INFO:     Finished server process [2465322]
/root/anaconda3/envs/mcp/lib/python3.10/site-packages/websockets/legacy/__init__.py:6: DeprecationWarning: websockets.legacy is deprecated; see https://websockets.readthedocs.io/en/stable/howto/upgrade.html for upgrade instructions
  warnings.warn(  # deprecated in 14.0 - 2024-11-09
/root/anaconda3/envs/mcp/lib/python3.10/site-packages/uvicorn/protocols/websockets/websockets_impl.py:17: DeprecationWarning: websockets.server.WebSocketServerProtocol is deprecated
  from websockets.server import WebSocketServerProtocol
INFO:     Started server process [2466030]
INFO:     Waiting for application startup.
INFO:     Application startup complete.
WARNING:  StatReload detected changes in 'mcp_llm_clint.py'. Reloading...
INFO:     Shutting down
INFO:     Waiting for application shutdown.
INFO:     Application shutdown complete.
INFO:     Finished server process [2466030]
/root/anaconda3/envs/mcp/lib/python3.10/site-packages/websockets/legacy/__init__.py:6: DeprecationWarning: websockets.legacy is deprecated; see https://websockets.readthedocs.io/en/stable/howto/upgrade.html for upgrade instructions
  warnings.warn(  # deprecated in 14.0 - 2024-11-09
/root/anaconda3/envs/mcp/lib/python3.10/site-packages/uvicorn/protocols/websockets/websockets_impl.py:17: DeprecationWarning: websockets.server.WebSocketServerProtocol is deprecated
  from websockets.server import WebSocketServerProtocol
INFO:     Started server process [2466548]
INFO:     Waiting for application startup.
INFO:     Application startup complete.
WARNING:  StatReload detected changes in 'report/dailyreport_llm_mcp.py'. Reloading...
INFO:     Shutting down
INFO:     Waiting for application shutdown.
INFO:     Application shutdown complete.
INFO:     Finished server process [2466548]
/root/anaconda3/envs/mcp/lib/python3.10/site-packages/websockets/legacy/__init__.py:6: DeprecationWarning: websockets.legacy is deprecated; see https://websockets.readthedocs.io/en/stable/howto/upgrade.html for upgrade instructions
  warnings.warn(  # deprecated in 14.0 - 2024-11-09
/root/anaconda3/envs/mcp/lib/python3.10/site-packages/uvicorn/protocols/websockets/websockets_impl.py:17: DeprecationWarning: websockets.server.WebSocketServerProtocol is deprecated
  from websockets.server import WebSocketServerProtocol
INFO:     Started server process [2466588]
INFO:     Waiting for application startup.
INFO:     Application startup complete.
WARNING:  StatReload detected changes in 'report/dailyreport_llm_mcp.py'. Reloading...
INFO:     Shutting down
INFO:     Waiting for application shutdown.
INFO:     Application shutdown complete.
INFO:     Finished server process [2466588]
/root/anaconda3/envs/mcp/lib/python3.10/site-packages/websockets/legacy/__init__.py:6: DeprecationWarning: websockets.legacy is deprecated; see https://websockets.readthedocs.io/en/stable/howto/upgrade.html for upgrade instructions
  warnings.warn(  # deprecated in 14.0 - 2024-11-09
/root/anaconda3/envs/mcp/lib/python3.10/site-packages/uvicorn/protocols/websockets/websockets_impl.py:17: DeprecationWarning: websockets.server.WebSocketServerProtocol is deprecated
  from websockets.server import WebSocketServerProtocol
INFO:     Started server process [2466661]
INFO:     Waiting for application startup.
INFO:     Application startup complete.
WARNING:  StatReload detected changes in 'report/dailyreport_llm_mcp.py'. Reloading...
INFO:     Shutting down
INFO:     Waiting for application shutdown.
INFO:     Application shutdown complete.
INFO:     Finished server process [2466661]
/root/anaconda3/envs/mcp/lib/python3.10/site-packages/websockets/legacy/__init__.py:6: DeprecationWarning: websockets.legacy is deprecated; see https://websockets.readthedocs.io/en/stable/howto/upgrade.html for upgrade instructions
  warnings.warn(  # deprecated in 14.0 - 2024-11-09
/root/anaconda3/envs/mcp/lib/python3.10/site-packages/uvicorn/protocols/websockets/websockets_impl.py:17: DeprecationWarning: websockets.server.WebSocketServerProtocol is deprecated
  from websockets.server import WebSocketServerProtocol
INFO:     Started server process [2467619]
INFO:     Waiting for application startup.
INFO:     Application startup complete.
INFO:     127.0.0.1:36998 - "GET /favicon.ico HTTP/1.1" 404 Not Found
收到【日报】生成请求，日期: 2025-05-13
[2025-05-13] 开始生成日报
>> 正在生成主体日报...
主体日报生成完毕。
>> 正在生成街道统计表...
街道统计表生成完毕。
>> 正在生成街道统计表...
街道统计表生成完毕。
>> 正在生成委办局统计表...
委办局统计表生成完毕。
生成完毕，正在合并结果...
INFO:     127.0.0.1:37010 - "POST /api/generate_report HTTP/1.1" 200 OK
WARNING:  StatReload detected changes in 'mcp_llm_clint.py'. Reloading...
INFO:     Shutting down
INFO:     Waiting for application shutdown.
INFO:     Application shutdown complete.
INFO:     Finished server process [2467619]
/root/anaconda3/envs/mcp/lib/python3.10/site-packages/websockets/legacy/__init__.py:6: DeprecationWarning: websockets.legacy is deprecated; see https://websockets.readthedocs.io/en/stable/howto/upgrade.html for upgrade instructions
  warnings.warn(  # deprecated in 14.0 - 2024-11-09
/root/anaconda3/envs/mcp/lib/python3.10/site-packages/uvicorn/protocols/websockets/websockets_impl.py:17: DeprecationWarning: websockets.server.WebSocketServerProtocol is deprecated
  from websockets.server import WebSocketServerProtocol
INFO:     Started server process [2470041]
INFO:     Waiting for application startup.
INFO:     Application startup complete.
WARNING:  StatReload detected changes in 'report/dailyreport_llm_mcp.py'. Reloading...
INFO:     Shutting down
INFO:     Waiting for application shutdown.
INFO:     Application shutdown complete.
INFO:     Finished server process [2470041]
/root/anaconda3/envs/mcp/lib/python3.10/site-packages/websockets/legacy/__init__.py:6: DeprecationWarning: websockets.legacy is deprecated; see https://websockets.readthedocs.io/en/stable/howto/upgrade.html for upgrade instructions
  warnings.warn(  # deprecated in 14.0 - 2024-11-09
/root/anaconda3/envs/mcp/lib/python3.10/site-packages/uvicorn/protocols/websockets/websockets_impl.py:17: DeprecationWarning: websockets.server.WebSocketServerProtocol is deprecated
  from websockets.server import WebSocketServerProtocol
INFO:     Started server process [2470185]
INFO:     Waiting for application startup.
INFO:     Application startup complete.
WARNING:  StatReload detected changes in 'report/dailyreport_llm_mcp.py'. Reloading...
INFO:     Shutting down
INFO:     Waiting for application shutdown.
INFO:     Application shutdown complete.
INFO:     Finished server process [2470185]
/root/anaconda3/envs/mcp/lib/python3.10/site-packages/websockets/legacy/__init__.py:6: DeprecationWarning: websockets.legacy is deprecated; see https://websockets.readthedocs.io/en/stable/howto/upgrade.html for upgrade instructions
  warnings.warn(  # deprecated in 14.0 - 2024-11-09
/root/anaconda3/envs/mcp/lib/python3.10/site-packages/uvicorn/protocols/websockets/websockets_impl.py:17: DeprecationWarning: websockets.server.WebSocketServerProtocol is deprecated
  from websockets.server import WebSocketServerProtocol
INFO:     Started server process [2471120]
INFO:     Waiting for application startup.
INFO:     Application startup complete.
WARNING:  StatReload detected changes in 'report/dailyreport_llm_mcp.py'. Reloading...
INFO:     Shutting down
INFO:     Waiting for application shutdown.
INFO:     Application shutdown complete.
INFO:     Finished server process [2471120]
/root/anaconda3/envs/mcp/lib/python3.10/site-packages/websockets/legacy/__init__.py:6: DeprecationWarning: websockets.legacy is deprecated; see https://websockets.readthedocs.io/en/stable/howto/upgrade.html for upgrade instructions
  warnings.warn(  # deprecated in 14.0 - 2024-11-09
/root/anaconda3/envs/mcp/lib/python3.10/site-packages/uvicorn/protocols/websockets/websockets_impl.py:17: DeprecationWarning: websockets.server.WebSocketServerProtocol is deprecated
  from websockets.server import WebSocketServerProtocol
INFO:     Started server process [2471774]
INFO:     Waiting for application startup.
INFO:     Application startup complete.
WARNING:  StatReload detected changes in 'report/dailyreport_llm_mcp.py'. Reloading...
INFO:     Shutting down
INFO:     Waiting for application shutdown.
INFO:     Application shutdown complete.
INFO:     Finished server process [2471774]
/root/anaconda3/envs/mcp/lib/python3.10/site-packages/websockets/legacy/__init__.py:6: DeprecationWarning: websockets.legacy is deprecated; see https://websockets.readthedocs.io/en/stable/howto/upgrade.html for upgrade instructions
  warnings.warn(  # deprecated in 14.0 - 2024-11-09
/root/anaconda3/envs/mcp/lib/python3.10/site-packages/uvicorn/protocols/websockets/websockets_impl.py:17: DeprecationWarning: websockets.server.WebSocketServerProtocol is deprecated
  from websockets.server import WebSocketServerProtocol
INFO:     Started server process [2471866]
INFO:     Waiting for application startup.
INFO:     Application startup complete.
WARNING:  StatReload detected changes in 'report/dailyreport_llm_mcp.py'. Reloading...
INFO:     Shutting down
INFO:     Waiting for application shutdown.
INFO:     Application shutdown complete.
INFO:     Finished server process [2471866]
/root/anaconda3/envs/mcp/lib/python3.10/site-packages/websockets/legacy/__init__.py:6: DeprecationWarning: websockets.legacy is deprecated; see https://websockets.readthedocs.io/en/stable/howto/upgrade.html for upgrade instructions
  warnings.warn(  # deprecated in 14.0 - 2024-11-09
/root/anaconda3/envs/mcp/lib/python3.10/site-packages/uvicorn/protocols/websockets/websockets_impl.py:17: DeprecationWarning: websockets.server.WebSocketServerProtocol is deprecated
  from websockets.server import WebSocketServerProtocol
INFO:     Started server process [2472383]
INFO:     Waiting for application startup.
INFO:     Application startup complete.
WARNING:  StatReload detected changes in 'services/daily_report_service.py'. Reloading...
INFO:     Shutting down
INFO:     Waiting for application shutdown.
INFO:     Application shutdown complete.
INFO:     Finished server process [2472383]
/root/anaconda3/envs/mcp/lib/python3.10/site-packages/websockets/legacy/__init__.py:6: DeprecationWarning: websockets.legacy is deprecated; see https://websockets.readthedocs.io/en/stable/howto/upgrade.html for upgrade instructions
  warnings.warn(  # deprecated in 14.0 - 2024-11-09
/root/anaconda3/envs/mcp/lib/python3.10/site-packages/uvicorn/protocols/websockets/websockets_impl.py:17: DeprecationWarning: websockets.server.WebSocketServerProtocol is deprecated
  from websockets.server import WebSocketServerProtocol
INFO:     Started server process [2472471]
INFO:     Waiting for application startup.
INFO:     Application startup complete.
WARNING:  StatReload detected changes in 'services/daily_report_service.py'. Reloading...
INFO:     Shutting down
INFO:     Waiting for application shutdown.
INFO:     Application shutdown complete.
INFO:     Finished server process [2472471]
/root/anaconda3/envs/mcp/lib/python3.10/site-packages/websockets/legacy/__init__.py:6: DeprecationWarning: websockets.legacy is deprecated; see https://websockets.readthedocs.io/en/stable/howto/upgrade.html for upgrade instructions
  warnings.warn(  # deprecated in 14.0 - 2024-11-09
/root/anaconda3/envs/mcp/lib/python3.10/site-packages/uvicorn/protocols/websockets/websockets_impl.py:17: DeprecationWarning: websockets.server.WebSocketServerProtocol is deprecated
  from websockets.server import WebSocketServerProtocol
INFO:     Started server process [2472829]
INFO:     Waiting for application startup.
INFO:     Application startup complete.
WARNING:  StatReload detected changes in 'tools/daily_report_tool.py'. Reloading...
INFO:     Shutting down
INFO:     Waiting for application shutdown.
INFO:     Application shutdown complete.
INFO:     Finished server process [2472829]
/root/anaconda3/envs/mcp/lib/python3.10/site-packages/websockets/legacy/__init__.py:6: DeprecationWarning: websockets.legacy is deprecated; see https://websockets.readthedocs.io/en/stable/howto/upgrade.html for upgrade instructions
  warnings.warn(  # deprecated in 14.0 - 2024-11-09
/root/anaconda3/envs/mcp/lib/python3.10/site-packages/uvicorn/protocols/websockets/websockets_impl.py:17: DeprecationWarning: websockets.server.WebSocketServerProtocol is deprecated
  from websockets.server import WebSocketServerProtocol
INFO:     Started server process [2475157]
INFO:     Waiting for application startup.
INFO:     Application startup complete.
INFO:     127.0.0.1:45594 - "GET / HTTP/1.1" 200 OK
WARNING:  StatReload detected changes in 'mcp_llm_clint.py'. Reloading...
INFO:     Shutting down
INFO:     Waiting for application shutdown.
INFO:     Application shutdown complete.
INFO:     Finished server process [2475157]
/root/anaconda3/envs/mcp/lib/python3.10/site-packages/websockets/legacy/__init__.py:6: DeprecationWarning: websockets.legacy is deprecated; see https://websockets.readthedocs.io/en/stable/howto/upgrade.html for upgrade instructions
  warnings.warn(  # deprecated in 14.0 - 2024-11-09
/root/anaconda3/envs/mcp/lib/python3.10/site-packages/uvicorn/protocols/websockets/websockets_impl.py:17: DeprecationWarning: websockets.server.WebSocketServerProtocol is deprecated
  from websockets.server import WebSocketServerProtocol
INFO:     Started server process [2494468]
INFO:     Waiting for application startup.
INFO:     Application startup complete.
WARNING:  StatReload detected changes in 'web_server.py'. Reloading...
INFO:     Shutting down
INFO:     Waiting for application shutdown.
INFO:     Application shutdown complete.
INFO:     Finished server process [2494468]
Traceback (most recent call last):
  File "<string>", line 1, in <module>
  File "/root/anaconda3/envs/mcp/lib/python3.10/multiprocessing/spawn.py", line 116, in spawn_main
    exitcode = _main(fd, parent_sentinel)
  File "/root/anaconda3/envs/mcp/lib/python3.10/multiprocessing/spawn.py", line 125, in _main
    prepare(preparation_data)
  File "/root/anaconda3/envs/mcp/lib/python3.10/multiprocessing/spawn.py", line 236, in prepare
    _fixup_main_from_path(data['init_main_from_path'])
  File "/root/anaconda3/envs/mcp/lib/python3.10/multiprocessing/spawn.py", line 287, in _fixup_main_from_path
    main_content = runpy.run_path(main_path,
  File "/root/anaconda3/envs/mcp/lib/python3.10/runpy.py", line 289, in run_path
    return _run_module_code(code, init_globals, run_name,
  File "/root/anaconda3/envs/mcp/lib/python3.10/runpy.py", line 96, in _run_module_code
    _run_code(code, mod_globals, init_globals,
  File "/root/anaconda3/envs/mcp/lib/python3.10/runpy.py", line 86, in _run_code
    exec(code, run_globals)
  File "/root/liao/12345/web_server.py", line 12, in <module>
    from dailyreport_llm_mcp import generate_daily_report
ModuleNotFoundError: No module named 'dailyreport_llm_mcp'
WARNING:  StatReload detected changes in 'web_server.py'. Reloading...
/root/anaconda3/envs/mcp/lib/python3.10/site-packages/websockets/legacy/__init__.py:6: DeprecationWarning: websockets.legacy is deprecated; see https://websockets.readthedocs.io/en/stable/howto/upgrade.html for upgrade instructions
  warnings.warn(  # deprecated in 14.0 - 2024-11-09
/root/anaconda3/envs/mcp/lib/python3.10/site-packages/uvicorn/protocols/websockets/websockets_impl.py:17: DeprecationWarning: websockets.server.WebSocketServerProtocol is deprecated
  from websockets.server import WebSocketServerProtocol
INFO:     Started server process [2495466]
INFO:     Waiting for application startup.
INFO:     Application startup complete.
WARNING:  StatReload detected changes in 'web_server.py'. Reloading...
INFO:     Shutting down
INFO:     Waiting for application shutdown.
INFO:     Application shutdown complete.
INFO:     Finished server process [2495466]
/root/anaconda3/envs/mcp/lib/python3.10/site-packages/websockets/legacy/__init__.py:6: DeprecationWarning: websockets.legacy is deprecated; see https://websockets.readthedocs.io/en/stable/howto/upgrade.html for upgrade instructions
  warnings.warn(  # deprecated in 14.0 - 2024-11-09
/root/anaconda3/envs/mcp/lib/python3.10/site-packages/uvicorn/protocols/websockets/websockets_impl.py:17: DeprecationWarning: websockets.server.WebSocketServerProtocol is deprecated
  from websockets.server import WebSocketServerProtocol
INFO:     Started server process [2495594]
INFO:     Waiting for application startup.
INFO:     Application startup complete.
WARNING:  StatReload detected changes in 'web_server.py'. Reloading...
INFO:     Shutting down
INFO:     Waiting for application shutdown.
INFO:     Application shutdown complete.
INFO:     Finished server process [2495594]
/root/anaconda3/envs/mcp/lib/python3.10/site-packages/websockets/legacy/__init__.py:6: DeprecationWarning: websockets.legacy is deprecated; see https://websockets.readthedocs.io/en/stable/howto/upgrade.html for upgrade instructions
  warnings.warn(  # deprecated in 14.0 - 2024-11-09
/root/anaconda3/envs/mcp/lib/python3.10/site-packages/uvicorn/protocols/websockets/websockets_impl.py:17: DeprecationWarning: websockets.server.WebSocketServerProtocol is deprecated
  from websockets.server import WebSocketServerProtocol
INFO:     Started server process [2495721]
INFO:     Waiting for application startup.
INFO:     Application startup complete.
WARNING:  StatReload detected changes in 'report/dailyreport_llm_mcp.py'. Reloading...
INFO:     Shutting down
INFO:     Waiting for application shutdown.
INFO:     Application shutdown complete.
INFO:     Finished server process [2495721]
/root/anaconda3/envs/mcp/lib/python3.10/site-packages/websockets/legacy/__init__.py:6: DeprecationWarning: websockets.legacy is deprecated; see https://websockets.readthedocs.io/en/stable/howto/upgrade.html for upgrade instructions
  warnings.warn(  # deprecated in 14.0 - 2024-11-09
/root/anaconda3/envs/mcp/lib/python3.10/site-packages/uvicorn/protocols/websockets/websockets_impl.py:17: DeprecationWarning: websockets.server.WebSocketServerProtocol is deprecated
  from websockets.server import WebSocketServerProtocol
INFO:     Started server process [2497017]
INFO:     Waiting for application startup.
INFO:     Application startup complete.
INFO:     127.0.0.1:36924 - "GET /favicon.ico HTTP/1.1" 404 Not Found
INFO:     127.0.0.1:36924 - "GET / HTTP/1.1" 200 OK
INFO:     127.0.0.1:36924 - "GET /favicon.ico HTTP/1.1" 404 Not Found
INFO:     127.0.0.1:36924 - "GET / HTTP/1.1" 200 OK
INFO:     127.0.0.1:36924 - "GET /favicon.ico HTTP/1.1" 404 Not Found
INFO:     127.0.0.1:36920 - "POST /api/generate_report/stream HTTP/1.1" 200 OK
WARNING:  StatReload detected changes in 'report/dailyreport_llm_mcp.py'. Reloading...
INFO:     Shutting down
INFO:     Waiting for application shutdown.
INFO:     Application shutdown complete.
INFO:     Finished server process [2497017]
/root/anaconda3/envs/mcp/lib/python3.10/site-packages/websockets/legacy/__init__.py:6: DeprecationWarning: websockets.legacy is deprecated; see https://websockets.readthedocs.io/en/stable/howto/upgrade.html for upgrade instructions
  warnings.warn(  # deprecated in 14.0 - 2024-11-09
/root/anaconda3/envs/mcp/lib/python3.10/site-packages/uvicorn/protocols/websockets/websockets_impl.py:17: DeprecationWarning: websockets.server.WebSocketServerProtocol is deprecated
  from websockets.server import WebSocketServerProtocol
INFO:     Started server process [2499327]
INFO:     Waiting for application startup.
INFO:     Application startup complete.
INFO:     127.0.0.1:51752 - "GET / HTTP/1.1" 200 OK
INFO:     127.0.0.1:51752 - "GET /favicon.ico HTTP/1.1" 404 Not Found
[2025-10-12] 开始生成日报
INFO:     127.0.0.1:51752 - "POST /api/generate_report/stream HTTP/1.1" 200 OK
>> 正在生成主体日报...
主体日报生成完毕。
>> 正在生成倒数三街镇月度排名趋势表...
趋势表生成完毕。
>> 正在生成街道镇乡统计表...
街道统计表生成完毕。
>> 正在生成区直单位统计表...
区直单位统计表生成完毕。
生成完毕，正在合并结果...
[2025-10-12] 开始生成日报
INFO:     127.0.0.1:40336 - "POST /api/generate_report/stream HTTP/1.1" 200 OK
>> 正在生成主体日报...
主体日报生成完毕。
>> 正在生成倒数三街镇月度排名趋势表...
趋势表生成完毕。
>> 正在生成街道镇乡统计表...
街道统计表生成完毕。
>> 正在生成区直单位统计表...
区直单位统计表生成完毕。
生成完毕，正在合并结果...
INFO:     127.0.0.1:40336 - "GET / HTTP/1.1" 200 OK
INFO:     127.0.0.1:40336 - "GET /favicon.ico HTTP/1.1" 404 Not Found
INFO:     127.0.0.1:40336 - "GET / HTTP/1.1" 200 OK
INFO:     127.0.0.1:40336 - "GET /favicon.ico HTTP/1.1" 404 Not Found
[2025-10-12] 开始生成日报
INFO:     127.0.0.1:40336 - "POST /api/generate_report/stream HTTP/1.1" 200 OK
WARNING:  StatReload detected changes in 'report/dailyreport_llm_mcp.py'. Reloading...
INFO:     Shutting down
INFO:     Waiting for application shutdown.
INFO:     Application shutdown complete.
INFO:     Finished server process [2499327]
/root/anaconda3/envs/mcp/lib/python3.10/site-packages/websockets/legacy/__init__.py:6: DeprecationWarning: websockets.legacy is deprecated; see https://websockets.readthedocs.io/en/stable/howto/upgrade.html for upgrade instructions
  warnings.warn(  # deprecated in 14.0 - 2024-11-09
/root/anaconda3/envs/mcp/lib/python3.10/site-packages/uvicorn/protocols/websockets/websockets_impl.py:17: DeprecationWarning: websockets.server.WebSocketServerProtocol is deprecated
  from websockets.server import WebSocketServerProtocol
INFO:     Started server process [2504558]
INFO:     Waiting for application startup.
INFO:     Application startup complete.
INFO:     127.0.0.1:39744 - "GET / HTTP/1.1" 200 OK
INFO:     127.0.0.1:39744 - "GET /favicon.ico HTTP/1.1" 404 Not Found
[2025-10-12] 开始生成日报
INFO:     127.0.0.1:39744 - "POST /api/generate_report/stream HTTP/1.1" 200 OK
WARNING:  StatReload detected changes in 'db/connection.py'. Reloading...
INFO:     Shutting down
INFO:     Waiting for application shutdown.
INFO:     Application shutdown complete.
INFO:     Finished server process [2504558]
/root/anaconda3/envs/mcp/lib/python3.10/site-packages/websockets/legacy/__init__.py:6: DeprecationWarning: websockets.legacy is deprecated; see https://websockets.readthedocs.io/en/stable/howto/upgrade.html for upgrade instructions
  warnings.warn(  # deprecated in 14.0 - 2024-11-09
/root/anaconda3/envs/mcp/lib/python3.10/site-packages/uvicorn/protocols/websockets/websockets_impl.py:17: DeprecationWarning: websockets.server.WebSocketServerProtocol is deprecated
  from websockets.server import WebSocketServerProtocol
INFO:     Started server process [3083325]
INFO:     Waiting for application startup.
INFO:     Application startup complete.
WARNING:  StatReload detected changes in 'db/connection.py'. Reloading...
INFO:     Shutting down
INFO:     Waiting for application shutdown.
INFO:     Application shutdown complete.
INFO:     Finished server process [3083325]
/root/anaconda3/envs/mcp/lib/python3.10/site-packages/websockets/legacy/__init__.py:6: DeprecationWarning: websockets.legacy is deprecated; see https://websockets.readthedocs.io/en/stable/howto/upgrade.html for upgrade instructions
  warnings.warn(  # deprecated in 14.0 - 2024-11-09
/root/anaconda3/envs/mcp/lib/python3.10/site-packages/uvicorn/protocols/websockets/websockets_impl.py:17: DeprecationWarning: websockets.server.WebSocketServerProtocol is deprecated
  from websockets.server import WebSocketServerProtocol
INFO:     Started server process [3084185]
INFO:     Waiting for application startup.
INFO:     Application startup complete.
WARNING:  StatReload detected changes in 'db/connection.py'. Reloading...
INFO:     Shutting down
INFO:     Waiting for application shutdown.
INFO:     Application shutdown complete.
INFO:     Finished server process [3084185]
/root/anaconda3/envs/mcp/lib/python3.10/site-packages/websockets/legacy/__init__.py:6: DeprecationWarning: websockets.legacy is deprecated; see https://websockets.readthedocs.io/en/stable/howto/upgrade.html for upgrade instructions
  warnings.warn(  # deprecated in 14.0 - 2024-11-09
/root/anaconda3/envs/mcp/lib/python3.10/site-packages/uvicorn/protocols/websockets/websockets_impl.py:17: DeprecationWarning: websockets.server.WebSocketServerProtocol is deprecated
  from websockets.server import WebSocketServerProtocol
INFO:     Started server process [3084203]
INFO:     Waiting for application startup.
INFO:     Application startup complete.
INFO:     127.0.0.1:56340 - "GET / HTTP/1.1" 200 OK
INFO:     127.0.0.1:56340 - "GET /favicon.ico HTTP/1.1" 404 Not Found
[2025-10-23] 开始生成日报
INFO:     127.0.0.1:56354 - "POST /api/generate_report/stream HTTP/1.1" 200 OK
WARNING:  StatReload detected changes in 'mcp_llm_clint.py'. Reloading...
INFO:     Shutting down
INFO:     Waiting for application shutdown.
INFO:     Application shutdown complete.
INFO:     Finished server process [3084203]
/root/anaconda3/envs/mcp/lib/python3.10/site-packages/websockets/legacy/__init__.py:6: DeprecationWarning: websockets.legacy is deprecated; see https://websockets.readthedocs.io/en/stable/howto/upgrade.html for upgrade instructions
  warnings.warn(  # deprecated in 14.0 - 2024-11-09
/root/anaconda3/envs/mcp/lib/python3.10/site-packages/uvicorn/protocols/websockets/websockets_impl.py:17: DeprecationWarning: websockets.server.WebSocketServerProtocol is deprecated
  from websockets.server import WebSocketServerProtocol
INFO:     Started server process [3089079]
INFO:     Waiting for application startup.
INFO:     Application startup complete.
WARNING:  StatReload detected changes in 'mcp_llm_clint.py'. Reloading...
INFO:     Shutting down
INFO:     Waiting for application shutdown.
INFO:     Application shutdown complete.
INFO:     Finished server process [3089079]
/root/anaconda3/envs/mcp/lib/python3.10/site-packages/websockets/legacy/__init__.py:6: DeprecationWarning: websockets.legacy is deprecated; see https://websockets.readthedocs.io/en/stable/howto/upgrade.html for upgrade instructions
  warnings.warn(  # deprecated in 14.0 - 2024-11-09
/root/anaconda3/envs/mcp/lib/python3.10/site-packages/uvicorn/protocols/websockets/websockets_impl.py:17: DeprecationWarning: websockets.server.WebSocketServerProtocol is deprecated
  from websockets.server import WebSocketServerProtocol
INFO:     Started server process [3089482]
INFO:     Waiting for application startup.
INFO:     Application startup complete.
WARNING:  StatReload detected changes in 'mcp_llm_clint.py'. Reloading...
INFO:     Shutting down
INFO:     Waiting for application shutdown.
INFO:     Application shutdown complete.
INFO:     Finished server process [3089482]
/root/anaconda3/envs/mcp/lib/python3.10/site-packages/websockets/legacy/__init__.py:6: DeprecationWarning: websockets.legacy is deprecated; see https://websockets.readthedocs.io/en/stable/howto/upgrade.html for upgrade instructions
  warnings.warn(  # deprecated in 14.0 - 2024-11-09
/root/anaconda3/envs/mcp/lib/python3.10/site-packages/uvicorn/protocols/websockets/websockets_impl.py:17: DeprecationWarning: websockets.server.WebSocketServerProtocol is deprecated
  from websockets.server import WebSocketServerProtocol
INFO:     Started server process [3089819]
INFO:     Waiting for application startup.
INFO:     Application startup complete.
INFO:     127.0.0.1:50240 - "GET / HTTP/1.1" 200 OK
INFO:     127.0.0.1:50240 - "GET /favicon.ico HTTP/1.1" 404 Not Found
[2025-10-12] 开始生成日报
INFO:     127.0.0.1:50248 - "POST /api/generate_report/stream HTTP/1.1" 200 OK
>> 正在生成主体日报...
主体日报生成完毕。
>> 正在生成倒数三街镇月度排名趋势表...
趋势表生成完毕。
>> 正在生成街道镇乡统计表...
街道统计表生成完毕。
>> 正在生成区直单位统计表...
区直单位统计表生成完毕。
生成完毕，正在合并结果...
INFO:     127.0.0.1:43306 - "GET / HTTP/1.1" 200 OK
INFO:     127.0.0.1:43306 - "GET /favicon.ico HTTP/1.1" 404 Not Found
[2025-10-12] 开始生成日报
INFO:     127.0.0.1:43290 - "POST /api/generate_report/stream HTTP/1.1" 200 OK
>> 正在生成主体日报...
主体日报生成完毕。
>> 正在生成倒数三街镇月度排名趋势表...
趋势表生成完毕。
>> 正在生成街道镇乡统计表...
街道统计表生成完毕。
>> 正在生成区直单位统计表...
区直单位统计表生成完毕。
生成完毕，正在合并结果...
INFO:     127.0.0.1:40138 - "GET / HTTP/1.1" 200 OK
INFO:     127.0.0.1:40138 - "GET /favicon.ico HTTP/1.1" 404 Not Found
[2025-10-10] 开始生成日报
INFO:     127.0.0.1:40146 - "POST /api/generate_report/stream HTTP/1.1" 200 OK
WARNING:  StatReload detected changes in 'mcp_llm_clint.py'. Reloading...
INFO:     Shutting down
INFO:     Waiting for application shutdown.
INFO:     Application shutdown complete.
INFO:     Finished server process [3089819]
/root/anaconda3/envs/mcp/lib/python3.10/site-packages/websockets/legacy/__init__.py:6: DeprecationWarning: websockets.legacy is deprecated; see https://websockets.readthedocs.io/en/stable/howto/upgrade.html for upgrade instructions
  warnings.warn(  # deprecated in 14.0 - 2024-11-09
/root/anaconda3/envs/mcp/lib/python3.10/site-packages/uvicorn/protocols/websockets/websockets_impl.py:17: DeprecationWarning: websockets.server.WebSocketServerProtocol is deprecated
  from websockets.server import WebSocketServerProtocol
INFO:     Started server process [3100922]
INFO:     Waiting for application startup.
INFO:     Application startup complete.
INFO:     127.0.0.1:59224 - "GET / HTTP/1.1" 200 OK
INFO:     127.0.0.1:59224 - "GET /favicon.ico HTTP/1.1" 404 Not Found
[2025-10-13] 开始生成日报
INFO:     127.0.0.1:59224 - "POST /api/generate_report/stream HTTP/1.1" 200 OK
>> 正在生成主体日报...
主体日报生成完毕。
>> 正在生成倒数三街镇月度排名趋势表...
趋势表生成完毕。
>> 正在生成街道镇乡统计表...
街道统计表生成完毕。
>> 正在生成区直单位统计表...
区直单位统计表生成完毕。
生成完毕，正在合并结果...
[2025-10-13] 开始生成日报
INFO:     127.0.0.1:39870 - "POST /api/generate_report/stream HTTP/1.1" 200 OK
WARNING:  StatReload detected changes in 'report/heatingreport_llm_mcp.py'. Reloading...
INFO:     Shutting down
INFO:     Waiting for application shutdown.
INFO:     Application shutdown complete.
INFO:     Finished server process [3100922]
/root/anaconda3/envs/mcp/lib/python3.10/site-packages/websockets/legacy/__init__.py:6: DeprecationWarning: websockets.legacy is deprecated; see https://websockets.readthedocs.io/en/stable/howto/upgrade.html for upgrade instructions
  warnings.warn(  # deprecated in 14.0 - 2024-11-09
/root/anaconda3/envs/mcp/lib/python3.10/site-packages/uvicorn/protocols/websockets/websockets_impl.py:17: DeprecationWarning: websockets.server.WebSocketServerProtocol is deprecated
  from websockets.server import WebSocketServerProtocol
INFO:     Started server process [3111625]
INFO:     Waiting for application startup.
INFO:     Application startup complete.
WARNING:  StatReload detected changes in 'report/emergencyreport_llm_mcp.py'. Reloading...
INFO:     Shutting down
INFO:     Waiting for application shutdown.
INFO:     Application shutdown complete.
INFO:     Finished server process [3111625]
/root/anaconda3/envs/mcp/lib/python3.10/site-packages/websockets/legacy/__init__.py:6: DeprecationWarning: websockets.legacy is deprecated; see https://websockets.readthedocs.io/en/stable/howto/upgrade.html for upgrade instructions
  warnings.warn(  # deprecated in 14.0 - 2024-11-09
/root/anaconda3/envs/mcp/lib/python3.10/site-packages/uvicorn/protocols/websockets/websockets_impl.py:17: DeprecationWarning: websockets.server.WebSocketServerProtocol is deprecated
  from websockets.server import WebSocketServerProtocol
INFO:     Started server process [3111746]
INFO:     Waiting for application startup.
INFO:     Application startup complete.
WARNING:  StatReload detected changes in 'report/emergencyreport_llm_mcp.py'. Reloading...
INFO:     Shutting down
INFO:     Waiting for application shutdown.
INFO:     Application shutdown complete.
INFO:     Finished server process [3111746]
/root/anaconda3/envs/mcp/lib/python3.10/site-packages/websockets/legacy/__init__.py:6: DeprecationWarning: websockets.legacy is deprecated; see https://websockets.readthedocs.io/en/stable/howto/upgrade.html for upgrade instructions
  warnings.warn(  # deprecated in 14.0 - 2024-11-09
/root/anaconda3/envs/mcp/lib/python3.10/site-packages/uvicorn/protocols/websockets/websockets_impl.py:17: DeprecationWarning: websockets.server.WebSocketServerProtocol is deprecated
  from websockets.server import WebSocketServerProtocol
INFO:     Started server process [3111770]
INFO:     Waiting for application startup.
INFO:     Application startup complete.
WARNING:  StatReload detected changes in 'web_server.py'. Reloading...
INFO:     Shutting down
INFO:     Waiting for application shutdown.
INFO:     Application shutdown complete.
INFO:     Finished server process [3111770]
/root/anaconda3/envs/mcp/lib/python3.10/site-packages/websockets/legacy/__init__.py:6: DeprecationWarning: websockets.legacy is deprecated; see https://websockets.readthedocs.io/en/stable/howto/upgrade.html for upgrade instructions
  warnings.warn(  # deprecated in 14.0 - 2024-11-09
/root/anaconda3/envs/mcp/lib/python3.10/site-packages/uvicorn/protocols/websockets/websockets_impl.py:17: DeprecationWarning: websockets.server.WebSocketServerProtocol is deprecated
  from websockets.server import WebSocketServerProtocol
INFO:     Started server process [3111998]
INFO:     Waiting for application startup.
INFO:     Application startup complete.
INFO:     127.0.0.1:46666 - "GET / HTTP/1.1" 200 OK
INFO:     127.0.0.1:46666 - "GET /favicon.ico HTTP/1.1" 404 Not Found
INFO:     127.0.0.1:46672 - "POST /api/generate/stream HTTP/1.1" 200 OK
INFO:     127.0.0.1:57294 - "GET / HTTP/1.1" 200 OK
INFO:     127.0.0.1:57294 - "GET /favicon.ico HTTP/1.1" 404 Not Found
INFO:     127.0.0.1:57304 - "POST /api/generate/stream HTTP/1.1" 200 OK
INFO:     127.0.0.1:57402 - "POST /api/generate/stream HTTP/1.1" 200 OK
[2025-10-12] 开始生成日报
>> 正在生成主体日报...
主体日报生成完毕。
>> 正在生成倒数三街镇月度排名趋势表...
趋势表生成完毕。
>> 正在生成街道镇乡统计表...
街道统计表生成完毕。
>> 正在生成区直单位统计表...
区直单位统计表生成完毕。
生成完毕，正在合并结果...
INFO:     127.0.0.1:56210 - "GET / HTTP/1.1" 200 OK
INFO:     127.0.0.1:56210 - "GET /favicon.ico HTTP/1.1" 404 Not Found
INFO:     127.0.0.1:56216 - "POST /api/generate/stream HTTP/1.1" 200 OK
[2025-11-09] 开始生成日报
>> 正在生成主体日报...
主体日报生成完毕。
>> 正在生成倒数三街镇月度排名趋势表...
趋势表生成完毕。
>> 正在生成街道镇乡统计表...
街道统计表生成完毕。
>> 正在生成区直单位统计表...
区直单位统计表生成完毕。
生成完毕，正在合并结果...
INFO:     127.0.0.1:32908 - "POST /api/generate/stream HTTP/1.1" 200 OK
[2025-10-12] 开始生成日报
>> 正在生成主体日报...
主体日报生成完毕。
>> 正在生成倒数三街镇月度排名趋势表...
趋势表生成完毕。
>> 正在生成街道镇乡统计表...
街道统计表生成完毕。
>> 正在生成区直单位统计表...
区直单位统计表生成完毕。
生成完毕，正在合并结果...
INFO:     127.0.0.1:59792 - "GET / HTTP/1.1" 200 OK
INFO:     127.0.0.1:59792 - "GET /favicon.ico HTTP/1.1" 404 Not Found
INFO:     127.0.0.1:59806 - "POST /api/generate/stream HTTP/1.1" 200 OK
[2025-10-12] 开始生成日报
>> 正在生成主体日报...
主体日报生成完毕。
>> 正在生成倒数三街镇月度排名趋势表...
趋势表生成完毕。
>> 正在生成街道镇乡统计表...
街道统计表生成完毕。
>> 正在生成区直单位统计表...
区直单位统计表生成完毕。
生成完毕，正在合并结果...
INFO:     127.0.0.1:33722 - "GET / HTTP/1.1" 200 OK
INFO:     127.0.0.1:33722 - "GET /favicon.ico HTTP/1.1" 404 Not Found
WARNING:  StatReload detected changes in 'mcp_llm_clint.py'. Reloading...
INFO:     Shutting down
INFO:     Waiting for application shutdown.
INFO:     Application shutdown complete.
INFO:     Finished server process [3111998]
/root/anaconda3/envs/mcp/lib/python3.10/site-packages/websockets/legacy/__init__.py:6: DeprecationWarning: websockets.legacy is deprecated; see https://websockets.readthedocs.io/en/stable/howto/upgrade.html for upgrade instructions
  warnings.warn(  # deprecated in 14.0 - 2024-11-09
/root/anaconda3/envs/mcp/lib/python3.10/site-packages/uvicorn/protocols/websockets/websockets_impl.py:17: DeprecationWarning: websockets.server.WebSocketServerProtocol is deprecated
  from websockets.server import WebSocketServerProtocol
INFO:     Started server process [3137546]
INFO:     Waiting for application startup.
INFO:     Application startup complete.
WARNING:  StatReload detected changes in 'mcp_llm_clint.py'. Reloading...
INFO:     Shutting down
INFO:     Waiting for application shutdown.
INFO:     Application shutdown complete.
INFO:     Finished server process [3137546]
/root/anaconda3/envs/mcp/lib/python3.10/site-packages/websockets/legacy/__init__.py:6: DeprecationWarning: websockets.legacy is deprecated; see https://websockets.readthedocs.io/en/stable/howto/upgrade.html for upgrade instructions
  warnings.warn(  # deprecated in 14.0 - 2024-11-09
/root/anaconda3/envs/mcp/lib/python3.10/site-packages/uvicorn/protocols/websockets/websockets_impl.py:17: DeprecationWarning: websockets.server.WebSocketServerProtocol is deprecated
  from websockets.server import WebSocketServerProtocol
INFO:     Started server process [3137585]
INFO:     Waiting for application startup.
INFO:     Application startup complete.
WARNING:  StatReload detected changes in 'mcp_llm_clint.py'. Reloading...
INFO:     Shutting down
INFO:     Waiting for application shutdown.
INFO:     Application shutdown complete.
INFO:     Finished server process [3137585]
/root/anaconda3/envs/mcp/lib/python3.10/site-packages/websockets/legacy/__init__.py:6: DeprecationWarning: websockets.legacy is deprecated; see https://websockets.readthedocs.io/en/stable/howto/upgrade.html for upgrade instructions
  warnings.warn(  # deprecated in 14.0 - 2024-11-09
/root/anaconda3/envs/mcp/lib/python3.10/site-packages/uvicorn/protocols/websockets/websockets_impl.py:17: DeprecationWarning: websockets.server.WebSocketServerProtocol is deprecated
  from websockets.server import WebSocketServerProtocol
INFO:     Started server process [3137609]
INFO:     Waiting for application startup.
INFO:     Application startup complete.
WARNING:  StatReload detected changes in 'mcp_llm_clint.py'. Reloading...
INFO:     Shutting down
INFO:     Waiting for application shutdown.
INFO:     Application shutdown complete.
INFO:     Finished server process [3137609]
/root/anaconda3/envs/mcp/lib/python3.10/site-packages/websockets/legacy/__init__.py:6: DeprecationWarning: websockets.legacy is deprecated; see https://websockets.readthedocs.io/en/stable/howto/upgrade.html for upgrade instructions
  warnings.warn(  # deprecated in 14.0 - 2024-11-09
/root/anaconda3/envs/mcp/lib/python3.10/site-packages/uvicorn/protocols/websockets/websockets_impl.py:17: DeprecationWarning: websockets.server.WebSocketServerProtocol is deprecated
  from websockets.server import WebSocketServerProtocol
INFO:     Started server process [3137770]
INFO:     Waiting for application startup.
INFO:     Application startup complete.
WARNING:  StatReload detected changes in 'mcp_llm_clint.py'. Reloading...
INFO:     Shutting down
INFO:     Waiting for application shutdown.
INFO:     Application shutdown complete.
INFO:     Finished server process [3137770]
/root/anaconda3/envs/mcp/lib/python3.10/site-packages/websockets/legacy/__init__.py:6: DeprecationWarning: websockets.legacy is deprecated; see https://websockets.readthedocs.io/en/stable/howto/upgrade.html for upgrade instructions
  warnings.warn(  # deprecated in 14.0 - 2024-11-09
/root/anaconda3/envs/mcp/lib/python3.10/site-packages/uvicorn/protocols/websockets/websockets_impl.py:17: DeprecationWarning: websockets.server.WebSocketServerProtocol is deprecated
  from websockets.server import WebSocketServerProtocol
INFO:     Started server process [3137816]
INFO:     Waiting for application startup.
INFO:     Application startup complete.
INFO:     127.0.0.1:60340 - "POST /api/generate/stream HTTP/1.1" 200 OK
WARNING:  StatReload detected changes in 'report/dailyreport_llm_mcp.py'. Reloading...
INFO:     Shutting down
INFO:     Waiting for application shutdown.
INFO:     Application shutdown complete.
INFO:     Finished server process [3137816]
/root/anaconda3/envs/mcp/lib/python3.10/site-packages/websockets/legacy/__init__.py:6: DeprecationWarning: websockets.legacy is deprecated; see https://websockets.readthedocs.io/en/stable/howto/upgrade.html for upgrade instructions
  warnings.warn(  # deprecated in 14.0 - 2024-11-09
/root/anaconda3/envs/mcp/lib/python3.10/site-packages/uvicorn/protocols/websockets/websockets_impl.py:17: DeprecationWarning: websockets.server.WebSocketServerProtocol is deprecated
  from websockets.server import WebSocketServerProtocol
INFO:     Started server process [3138589]
INFO:     Waiting for application startup.
INFO:     Application startup complete.
INFO:     127.0.0.1:55316 - "POST /api/generate/stream HTTP/1.1" 200 OK
WARNING:  StatReload detected changes in 'report/dailyreport_llm_mcp.py'. Reloading...
INFO:     Shutting down
INFO:     Waiting for application shutdown.
INFO:     Application shutdown complete.
INFO:     Finished server process [3138589]
/root/anaconda3/envs/mcp/lib/python3.10/site-packages/websockets/legacy/__init__.py:6: DeprecationWarning: websockets.legacy is deprecated; see https://websockets.readthedocs.io/en/stable/howto/upgrade.html for upgrade instructions
  warnings.warn(  # deprecated in 14.0 - 2024-11-09
/root/anaconda3/envs/mcp/lib/python3.10/site-packages/uvicorn/protocols/websockets/websockets_impl.py:17: DeprecationWarning: websockets.server.WebSocketServerProtocol is deprecated
  from websockets.server import WebSocketServerProtocol
INFO:     Started server process [3138876]
INFO:     Waiting for application startup.
INFO:     Application startup complete.
INFO:     127.0.0.1:33864 - "POST /api/generate/stream HTTP/1.1" 200 OK
WARNING:  StatReload detected changes in 'mcp_llm_clint.py'. Reloading...
INFO:     Shutting down
INFO:     Waiting for application shutdown.
INFO:     Application shutdown complete.
INFO:     Finished server process [3138876]
Traceback (most recent call last):
  File "<string>", line 1, in <module>
  File "/root/anaconda3/envs/mcp/lib/python3.10/multiprocessing/spawn.py", line 116, in spawn_main
    exitcode = _main(fd, parent_sentinel)
  File "/root/anaconda3/envs/mcp/lib/python3.10/multiprocessing/spawn.py", line 125, in _main
    prepare(preparation_data)
  File "/root/anaconda3/envs/mcp/lib/python3.10/multiprocessing/spawn.py", line 236, in prepare
    _fixup_main_from_path(data['init_main_from_path'])
  File "/root/anaconda3/envs/mcp/lib/python3.10/multiprocessing/spawn.py", line 287, in _fixup_main_from_path
    main_content = runpy.run_path(main_path,
  File "/root/anaconda3/envs/mcp/lib/python3.10/runpy.py", line 289, in run_path
    return _run_module_code(code, init_globals, run_name,
  File "/root/anaconda3/envs/mcp/lib/python3.10/runpy.py", line 96, in _run_module_code
    _run_code(code, mod_globals, init_globals,
  File "/root/anaconda3/envs/mcp/lib/python3.10/runpy.py", line 86, in _run_code
    exec(code, run_globals)
  File "/root/liao/12345/web_server.py", line 12, in <module>
    from report.dailyreport_llm_mcp import generate_daily_report
  File "/root/liao/12345/report/dailyreport_llm_mcp.py", line 11, in <module>
    from mcp_llm_clint import MCPClientWrapper
  File "/root/liao/12345/mcp_llm_clint.py", line 181
    return f"正在进行：{title}…"
IndentationError: unexpected indent
WARNING:  StatReload detected changes in 'mcp_llm_clint.py'. Reloading...
Traceback (most recent call last):
  File "<string>", line 1, in <module>
  File "/root/anaconda3/envs/mcp/lib/python3.10/multiprocessing/spawn.py", line 116, in spawn_main
    exitcode = _main(fd, parent_sentinel)
  File "/root/anaconda3/envs/mcp/lib/python3.10/multiprocessing/spawn.py", line 125, in _main
    prepare(preparation_data)
  File "/root/anaconda3/envs/mcp/lib/python3.10/multiprocessing/spawn.py", line 236, in prepare
    _fixup_main_from_path(data['init_main_from_path'])
  File "/root/anaconda3/envs/mcp/lib/python3.10/multiprocessing/spawn.py", line 287, in _fixup_main_from_path
    main_content = runpy.run_path(main_path,
  File "/root/anaconda3/envs/mcp/lib/python3.10/runpy.py", line 289, in run_path
    return _run_module_code(code, init_globals, run_name,
  File "/root/anaconda3/envs/mcp/lib/python3.10/runpy.py", line 96, in _run_module_code
    _run_code(code, mod_globals, init_globals,
  File "/root/anaconda3/envs/mcp/lib/python3.10/runpy.py", line 86, in _run_code
    exec(code, run_globals)
  File "/root/liao/12345/web_server.py", line 12, in <module>
    from report.dailyreport_llm_mcp import generate_daily_report
  File "/root/liao/12345/report/dailyreport_llm_mcp.py", line 11, in <module>
    from mcp_llm_clint import MCPClientWrapper
  File "/root/liao/12345/mcp_llm_clint.py", line 181
    return f"正在进行：{title}…"
IndentationError: unexpected indent
WARNING:  StatReload detected changes in 'mcp_llm_clint.py'. Reloading...
Traceback (most recent call last):
  File "<string>", line 1, in <module>
  File "/root/anaconda3/envs/mcp/lib/python3.10/multiprocessing/spawn.py", line 116, in spawn_main
    exitcode = _main(fd, parent_sentinel)
  File "/root/anaconda3/envs/mcp/lib/python3.10/multiprocessing/spawn.py", line 125, in _main
    prepare(preparation_data)
  File "/root/anaconda3/envs/mcp/lib/python3.10/multiprocessing/spawn.py", line 236, in prepare
    _fixup_main_from_path(data['init_main_from_path'])
  File "/root/anaconda3/envs/mcp/lib/python3.10/multiprocessing/spawn.py", line 287, in _fixup_main_from_path
    main_content = runpy.run_path(main_path,
  File "/root/anaconda3/envs/mcp/lib/python3.10/runpy.py", line 289, in run_path
    return _run_module_code(code, init_globals, run_name,
  File "/root/anaconda3/envs/mcp/lib/python3.10/runpy.py", line 96, in _run_module_code
    _run_code(code, mod_globals, init_globals,
  File "/root/anaconda3/envs/mcp/lib/python3.10/runpy.py", line 86, in _run_code
    exec(code, run_globals)
  File "/root/liao/12345/web_server.py", line 12, in <module>
    from report.dailyreport_llm_mcp import generate_daily_report
  File "/root/liao/12345/report/dailyreport_llm_mcp.py", line 11, in <module>
    from mcp_llm_clint import MCPClientWrapper
  File "/root/liao/12345/mcp_llm_clint.py", line 181
    return f"正在进行：{title}…"
IndentationError: unexpected indent
WARNING:  StatReload detected changes in 'mcp_llm_clint.py'. Reloading...
/root/anaconda3/envs/mcp/lib/python3.10/site-packages/websockets/legacy/__init__.py:6: DeprecationWarning: websockets.legacy is deprecated; see https://websockets.readthedocs.io/en/stable/howto/upgrade.html for upgrade instructions
  warnings.warn(  # deprecated in 14.0 - 2024-11-09
/root/anaconda3/envs/mcp/lib/python3.10/site-packages/uvicorn/protocols/websockets/websockets_impl.py:17: DeprecationWarning: websockets.server.WebSocketServerProtocol is deprecated
  from websockets.server import WebSocketServerProtocol
INFO:     Started server process [3141827]
INFO:     Waiting for application startup.
INFO:     Application startup complete.
INFO:     127.0.0.1:33594 - "POST /api/generate/stream HTTP/1.1" 200 OK
WARNING:  StatReload detected changes in 'mcp_llm_clint.py'. Reloading...
INFO:     Shutting down
INFO:     Waiting for application shutdown.
INFO:     Application shutdown complete.
INFO:     Finished server process [3141827]
/root/anaconda3/envs/mcp/lib/python3.10/site-packages/websockets/legacy/__init__.py:6: DeprecationWarning: websockets.legacy is deprecated; see https://websockets.readthedocs.io/en/stable/howto/upgrade.html for upgrade instructions
  warnings.warn(  # deprecated in 14.0 - 2024-11-09
/root/anaconda3/envs/mcp/lib/python3.10/site-packages/uvicorn/protocols/websockets/websockets_impl.py:17: DeprecationWarning: websockets.server.WebSocketServerProtocol is deprecated
  from websockets.server import WebSocketServerProtocol
INFO:     Started server process [3142868]
INFO:     Waiting for application startup.
INFO:     Application startup complete.
INFO:     127.0.0.1:39368 - "POST /api/generate/stream HTTP/1.1" 200 OK
WARNING:  StatReload detected changes in 'mcp_llm_clint.py'. Reloading...
INFO:     Shutting down
INFO:     Waiting for application shutdown.
INFO:     Application shutdown complete.
INFO:     Finished server process [3142868]
/root/anaconda3/envs/mcp/lib/python3.10/site-packages/websockets/legacy/__init__.py:6: DeprecationWarning: websockets.legacy is deprecated; see https://websockets.readthedocs.io/en/stable/howto/upgrade.html for upgrade instructions
  warnings.warn(  # deprecated in 14.0 - 2024-11-09
/root/anaconda3/envs/mcp/lib/python3.10/site-packages/uvicorn/protocols/websockets/websockets_impl.py:17: DeprecationWarning: websockets.server.WebSocketServerProtocol is deprecated
  from websockets.server import WebSocketServerProtocol
INFO:     Started server process [3143311]
INFO:     Waiting for application startup.
INFO:     Application startup complete.
WARNING:  StatReload detected changes in 'report/dailyreport_llm_mcp.py'. Reloading...
INFO:     Shutting down
INFO:     Waiting for application shutdown.
INFO:     Application shutdown complete.
INFO:     Finished server process [3143311]
/root/anaconda3/envs/mcp/lib/python3.10/site-packages/websockets/legacy/__init__.py:6: DeprecationWarning: websockets.legacy is deprecated; see https://websockets.readthedocs.io/en/stable/howto/upgrade.html for upgrade instructions
  warnings.warn(  # deprecated in 14.0 - 2024-11-09
/root/anaconda3/envs/mcp/lib/python3.10/site-packages/uvicorn/protocols/websockets/websockets_impl.py:17: DeprecationWarning: websockets.server.WebSocketServerProtocol is deprecated
  from websockets.server import WebSocketServerProtocol
INFO:     Started server process [3143480]
INFO:     Waiting for application startup.
INFO:     Application startup complete.
INFO:     127.0.0.1:49064 - "GET / HTTP/1.1" 200 OK
INFO:     127.0.0.1:49064 - "GET / HTTP/1.1" 200 OK
INFO:     127.0.0.1:49064 - "GET /favicon.ico HTTP/1.1" 404 Not Found
INFO:     127.0.0.1:49070 - "POST /api/generate/stream HTTP/1.1" 200 OK
[2025-10-12] 开始生成日报
>> 正在生成主体日报...
主体日报生成完毕。
>> 正在生成倒数三街镇月度排名趋势表...
趋势表生成完毕。
>> 正在生成街道镇乡统计表...
街道统计表生成完毕。
>> 正在生成区直单位统计表...
区直单位统计表生成完毕。
生成完毕，正在合并结果...
INFO:     127.0.0.1:37430 - "POST /api/generate/stream HTTP/1.1" 200 OK
[2025-10-12] 开始生成日报
>> 正在生成主体日报...
主体日报生成完毕。
>> 正在生成倒数三街镇月度排名趋势表...
趋势表生成完毕。
>> 正在生成街道镇乡统计表...
街道统计表生成完毕。
>> 正在生成区直单位统计表...
区直单位统计表生成完毕。
生成完毕，正在合并结果...
INFO:     127.0.0.1:34260 - "GET / HTTP/1.1" 200 OK
INFO:     127.0.0.1:34260 - "GET /favicon.ico HTTP/1.1" 404 Not Found
INFO:     127.0.0.1:34270 - "POST /api/generate/stream HTTP/1.1" 200 OK
[2025-10-09] 开始生成日报
>> 正在生成主体日报...
主体日报生成完毕。
>> 正在生成倒数三街镇月度排名趋势表...
趋势表生成完毕。
>> 正在生成街道镇乡统计表...
街道统计表生成完毕。
>> 正在生成区直单位统计表...
区直单位统计表生成完毕。
生成完毕，正在合并结果...
INFO:     127.0.0.1:57508 - "GET / HTTP/1.1" 200 OK
INFO:     127.0.0.1:57508 - "GET /favicon.ico HTTP/1.1" 404 Not Found
INFO:     127.0.0.1:57524 - "POST /api/generate/stream HTTP/1.1" 200 OK
[2025-10-12] 开始生成日报
>> 正在生成主体日报...
主体日报生成完毕。
>> 正在生成倒数三街镇月度排名趋势表...
趋势表生成完毕。
>> 正在生成街道镇乡统计表...
街道统计表生成完毕。
>> 正在生成区直单位统计表...
区直单位统计表生成完毕。
生成完毕，正在合并结果...
INFO:     127.0.0.1:60948 - "GET / HTTP/1.1" 200 OK
INFO:     127.0.0.1:60948 - "GET /favicon.ico HTTP/1.1" 404 Not Found
INFO:     127.0.0.1:60958 - "POST /api/generate/stream HTTP/1.1" 200 OK
[2025-10-10] 开始生成日报
>> 正在生成主体日报...
主体日报生成完毕。
>> 正在生成倒数三街镇月度排名趋势表...
趋势表生成完毕。
>> 正在生成街道镇乡统计表...
街道统计表生成完毕。
>> 正在生成区直单位统计表...
区直单位统计表生成完毕。
生成完毕，正在合并结果...
INFO:     127.0.0.1:57288 - "GET / HTTP/1.1" 200 OK
INFO:     127.0.0.1:57288 - "GET /favicon.ico HTTP/1.1" 404 Not Found
INFO:     127.0.0.1:57288 - "POST /api/generate/stream HTTP/1.1" 200 OK
[2025-10-10] 开始生成日报
>> 正在生成主体日报...
主体日报生成完毕。
>> 正在生成倒数三街镇月度排名趋势表...
趋势表生成完毕。
>> 正在生成街道镇乡统计表...
街道统计表生成完毕。
>> 正在生成区直单位统计表...
区直单位统计表生成完毕。
生成完毕，正在合并结果...
INFO:     127.0.0.1:40208 - "GET / HTTP/1.1" 200 OK
INFO:     127.0.0.1:40208 - "GET /favicon.ico HTTP/1.1" 404 Not Found
INFO:     127.0.0.1:58712 - "POST /api/generate/stream HTTP/1.1" 200 OK
[2025-10-11] 开始生成日报
>> 正在生成主体日报...
主体日报生成完毕。
>> 正在生成倒数三街镇月度排名趋势表...
趋势表生成完毕。
>> 正在生成街道镇乡统计表...
街道统计表生成完毕。
>> 正在生成区直单位统计表...
区直单位统计表生成完毕。
生成完毕，正在合并结果...
INFO:     127.0.0.1:58190 - "GET / HTTP/1.1" 200 OK
INFO:     127.0.0.1:58190 - "GET /favicon.ico HTTP/1.1" 404 Not Found
INFO:     127.0.0.1:58202 - "POST /api/generate/stream HTTP/1.1" 200 OK
[2025-10-12] 开始生成日报
>> 正在生成主体日报...
主体日报生成完毕。
>> 正在生成倒数三街镇月度排名趋势表...
趋势表生成完毕。
>> 正在生成街道镇乡统计表...
街道统计表生成完毕。
>> 正在生成区直单位统计表...
区直单位统计表生成完毕。
生成完毕，正在合并结果...
INFO:     127.0.0.1:36466 - "GET / HTTP/1.1" 200 OK
INFO:     127.0.0.1:36466 - "GET /favicon.ico HTTP/1.1" 404 Not Found
INFO:     127.0.0.1:36466 - "GET / HTTP/1.1" 200 OK
INFO:     127.0.0.1:36466 - "GET /favicon.ico HTTP/1.1" 404 Not Found
INFO:     127.0.0.1:36478 - "POST /api/generate/stream HTTP/1.1" 200 OK
[2025-10-12] 开始生成日报
>> 正在生成主体日报...
主体日报生成完毕。
>> 正在生成倒数三街镇月度排名趋势表...
趋势表生成完毕。
>> 正在生成街道镇乡统计表...
街道统计表生成完毕。
>> 正在生成区直单位统计表...
区直单位统计表生成完毕。
生成完毕，正在合并结果...
INFO:     127.0.0.1:32980 - "GET / HTTP/1.1" 200 OK
INFO:     127.0.0.1:32980 - "GET / HTTP/1.1" 200 OK
INFO:     127.0.0.1:32980 - "GET /favicon.ico HTTP/1.1" 404 Not Found
INFO:     127.0.0.1:32994 - "GET / HTTP/1.1" 200 OK
INFO:     127.0.0.1:32994 - "GET / HTTP/1.1" 200 OK
INFO:     127.0.0.1:32994 - "GET /favicon.ico HTTP/1.1" 404 Not Found
INFO:     127.0.0.1:50236 - "POST /api/generate/stream HTTP/1.1" 200 OK
[2025-10-10] 开始生成日报
>> 正在生成主体日报...
主体日报生成完毕。
>> 正在生成倒数三街镇月度排名趋势表...
趋势表生成完毕。
>> 正在生成街道镇乡统计表...
街道统计表生成完毕。
>> 正在生成区直单位统计表...
INFO:     127.0.0.1:50082 - "GET /.well-known/appspecific/com.chrome.devtools.json HTTP/1.1" 404 Not Found
区直单位统计表生成完毕。
生成完毕，正在合并结果...
INFO:     127.0.0.1:50098 - "GET /.well-known/appspecific/com.chrome.devtools.json HTTP/1.1" 404 Not Found
INFO:     127.0.0.1:51120 - "GET / HTTP/1.1" 200 OK
INFO:     127.0.0.1:51120 - "GET /favicon.ico HTTP/1.1" 404 Not Found
INFO:     127.0.0.1:51128 - "GET / HTTP/1.1" 200 OK
INFO:     127.0.0.1:51128 - "GET /favicon.ico HTTP/1.1" 404 Not Found
INFO:     127.0.0.1:51128 - "POST /api/generate/stream HTTP/1.1" 200 OK
[2025-10-12] 开始生成日报
>> 正在生成主体日报...
主体日报生成完毕。
>> 正在生成倒数三街镇月度排名趋势表...
趋势表生成完毕。
>> 正在生成街道镇乡统计表...
街道统计表生成完毕。
>> 正在生成区直单位统计表...
区直单位统计表生成完毕。
生成完毕，正在合并结果...
INFO:     127.0.0.1:49558 - "POST /api/generate/stream HTTP/1.1" 200 OK
[2025-10-11] 开始生成日报
>> 正在生成主体日报...
主体日报生成完毕。
>> 正在生成倒数三街镇月度排名趋势表...
趋势表生成完毕。
>> 正在生成街道镇乡统计表...
街道统计表生成完毕。
>> 正在生成区直单位统计表...
区直单位统计表生成完毕。
生成完毕，正在合并结果...
INFO:     127.0.0.1:53434 - "GET / HTTP/1.1" 200 OK
INFO:     127.0.0.1:53434 - "GET /favicon.ico HTTP/1.1" 404 Not Found
INFO:     127.0.0.1:48188 - "GET / HTTP/1.1" 200 OK
INFO:     127.0.0.1:48188 - "GET / HTTP/1.1" 200 OK
INFO:     127.0.0.1:48188 - "GET /favicon.ico HTTP/1.1" 404 Not Found
INFO:     127.0.0.1:48188 - "GET / HTTP/1.1" 200 OK
INFO:     127.0.0.1:48188 - "GET /favicon.ico HTTP/1.1" 404 Not Found
INFO:     127.0.0.1:53660 - "GET / HTTP/1.1" 200 OK
INFO:     127.0.0.1:53660 - "GET /favicon.ico HTTP/1.1" 404 Not Found
INFO:     127.0.0.1:41834 - "GET / HTTP/1.1" 200 OK
INFO:     127.0.0.1:41834 - "GET /favicon.ico HTTP/1.1" 404 Not Found
INFO:     127.0.0.1:43560 - "GET / HTTP/1.1" 200 OK
INFO:     127.0.0.1:43560 - "GET /favicon.ico HTTP/1.1" 404 Not Found
INFO:     127.0.0.1:43562 - "GET / HTTP/1.1" 200 OK
INFO:     127.0.0.1:34830 - "GET / HTTP/1.1" 200 OK
INFO:     127.0.0.1:34830 - "GET / HTTP/1.1" 200 OK
INFO:     127.0.0.1:34830 - "GET / HTTP/1.1" 200 OK
INFO:     127.0.0.1:34830 - "GET /favicon.ico HTTP/1.1" 404 Not Found
INFO:     127.0.0.1:37780 - "GET / HTTP/1.1" 200 OK
INFO:     127.0.0.1:37780 - "GET /favicon.ico HTTP/1.1" 404 Not Found
INFO:     127.0.0.1:37786 - "GET / HTTP/1.1" 200 OK
INFO:     127.0.0.1:60496 - "GET / HTTP/1.1" 200 OK
INFO:     127.0.0.1:60496 - "GET /favicon.ico HTTP/1.1" 404 Not Found
INFO:     127.0.0.1:50582 - "GET / HTTP/1.1" 200 OK
INFO:     127.0.0.1:50582 - "GET /favicon.ico HTTP/1.1" 404 Not Found
INFO:     127.0.0.1:59234 - "GET / HTTP/1.1" 200 OK
INFO:     127.0.0.1:59234 - "GET /favicon.ico HTTP/1.1" 404 Not Found
INFO:     127.0.0.1:40568 - "GET / HTTP/1.1" 200 OK
INFO:     127.0.0.1:40568 - "GET /favicon.ico HTTP/1.1" 404 Not Found
INFO:     127.0.0.1:47092 - "GET / HTTP/1.1" 200 OK
INFO:     127.0.0.1:47092 - "GET /favicon.ico HTTP/1.1" 404 Not Found
INFO:     127.0.0.1:33250 - "GET / HTTP/1.1" 200 OK
INFO:     127.0.0.1:33250 - "GET /favicon.ico HTTP/1.1" 404 Not Found
INFO:     127.0.0.1:55978 - "GET / HTTP/1.1" 200 OK
INFO:     127.0.0.1:55978 - "GET /favicon.ico HTTP/1.1" 404 Not Found
INFO:     127.0.0.1:44108 - "GET / HTTP/1.1" 200 OK
INFO:     127.0.0.1:44108 - "GET /favicon.ico HTTP/1.1" 404 Not Found
INFO:     127.0.0.1:57344 - "GET / HTTP/1.1" 200 OK
INFO:     127.0.0.1:57344 - "GET /styles.css HTTP/1.1" 404 Not Found
INFO:     127.0.0.1:57332 - "GET /js/app.js HTTP/1.1" 404 Not Found
INFO:     127.0.0.1:57354 - "GET /js/report.js HTTP/1.1" 404 Not Found
INFO:     127.0.0.1:57360 - "GET /js/order.js HTTP/1.1" 404 Not Found
INFO:     127.0.0.1:57374 - "GET /js/elements.js HTTP/1.1" 404 Not Found
INFO:     127.0.0.1:57374 - "GET /favicon.ico HTTP/1.1" 404 Not Found
INFO:     127.0.0.1:57374 - "GET / HTTP/1.1" 200 OK
INFO:     127.0.0.1:57374 - "GET /styles.css HTTP/1.1" 404 Not Found
INFO:     127.0.0.1:57360 - "GET /js/app.js HTTP/1.1" 404 Not Found
INFO:     127.0.0.1:57354 - "GET /js/report.js HTTP/1.1" 404 Not Found
INFO:     127.0.0.1:57332 - "GET /js/order.js HTTP/1.1" 404 Not Found
INFO:     127.0.0.1:57378 - "GET /js/elements.js HTTP/1.1" 404 Not Found
INFO:     127.0.0.1:57378 - "GET /favicon.ico HTTP/1.1" 404 Not Found
INFO:     127.0.0.1:41544 - "GET / HTTP/1.1" 200 OK
INFO:     127.0.0.1:41544 - "GET /static/styles.css HTTP/1.1" 404 Not Found
INFO:     127.0.0.1:41554 - "GET /static/js/app.js HTTP/1.1" 200 OK
INFO:     127.0.0.1:41562 - "GET /static/js/report.js HTTP/1.1" 200 OK
INFO:     127.0.0.1:41568 - "GET /static/js/order.js HTTP/1.1" 200 OK
INFO:     127.0.0.1:41582 - "GET /static/js/elements.js HTTP/1.1" 200 OK
INFO:     127.0.0.1:41582 - "GET /favicon.ico HTTP/1.1" 404 Not Found
INFO:     127.0.0.1:41582 - "GET / HTTP/1.1" 200 OK
INFO:     127.0.0.1:41582 - "GET /static/styles.css HTTP/1.1" 404 Not Found
INFO:     127.0.0.1:41568 - "GET /static/js/app.js HTTP/1.1" 200 OK
INFO:     127.0.0.1:41562 - "GET /static/js/report.js HTTP/1.1" 200 OK
INFO:     127.0.0.1:41554 - "GET /static/js/order.js HTTP/1.1" 200 OK
INFO:     127.0.0.1:41584 - "GET /static/js/elements.js HTTP/1.1" 200 OK
INFO:     127.0.0.1:41584 - "GET /favicon.ico HTTP/1.1" 404 Not Found
INFO:     127.0.0.1:41584 - "GET / HTTP/1.1" 200 OK
INFO:     127.0.0.1:41584 - "GET /static/styles.css HTTP/1.1" 404 Not Found
INFO:     127.0.0.1:41562 - "GET /static/js/app.js HTTP/1.1" 200 OK
INFO:     127.0.0.1:41554 - "GET /static/js/report.js HTTP/1.1" 200 OK
INFO:     127.0.0.1:41568 - "GET /static/js/order.js HTTP/1.1" 200 OK
INFO:     127.0.0.1:41594 - "GET /static/js/elements.js HTTP/1.1" 200 OK
INFO:     127.0.0.1:41594 - "GET /favicon.ico HTTP/1.1" 404 Not Found
INFO:     127.0.0.1:41594 - "GET / HTTP/1.1" 200 OK
INFO:     127.0.0.1:41594 - "GET /static/styles.css HTTP/1.1" 404 Not Found
INFO:     127.0.0.1:41562 - "GET /static/js/report.js HTTP/1.1" 200 OK
INFO:     127.0.0.1:41554 - "GET /static/js/order.js HTTP/1.1" 200 OK
INFO:     127.0.0.1:41568 - "GET /static/js/app.js HTTP/1.1" 200 OK
INFO:     127.0.0.1:41600 - "GET /static/js/elements.js HTTP/1.1" 200 OK
INFO:     127.0.0.1:41568 - "GET / HTTP/1.1" 200 OK
INFO:     127.0.0.1:41554 - "GET /static/js/app.js HTTP/1.1" 200 OK
INFO:     127.0.0.1:41568 - "GET /static/styles.css HTTP/1.1" 404 Not Found
INFO:     127.0.0.1:41562 - "GET /static/js/report.js HTTP/1.1" 200 OK
INFO:     127.0.0.1:41604 - "GET /static/js/order.js HTTP/1.1" 200 OK
INFO:     127.0.0.1:41612 - "GET /static/js/elements.js HTTP/1.1" 200 OK
INFO:     127.0.0.1:41612 - "GET /favicon.ico HTTP/1.1" 404 Not Found
INFO:     127.0.0.1:41612 - "GET / HTTP/1.1" 200 OK
INFO:     127.0.0.1:41612 - "GET /static/styles.css HTTP/1.1" 404 Not Found
INFO:     127.0.0.1:41562 - "GET /static/js/report.js HTTP/1.1" 200 OK
INFO:     127.0.0.1:41568 - "GET /static/js/elements.js HTTP/1.1" 200 OK
INFO:     127.0.0.1:41554 - "GET /static/js/order.js HTTP/1.1" 200 OK
INFO:     127.0.0.1:41604 - "GET /static/js/app.js HTTP/1.1" 200 OK
INFO:     127.0.0.1:41604 - "GET /favicon.ico HTTP/1.1" 404 Not Found
INFO:     127.0.0.1:41604 - "GET / HTTP/1.1" 200 OK
INFO:     127.0.0.1:41604 - "GET /static/styles.css HTTP/1.1" 404 Not Found
INFO:     127.0.0.1:41568 - "GET /static/js/report.js HTTP/1.1" 200 OK
INFO:     127.0.0.1:41562 - "GET /static/js/app.js HTTP/1.1" 200 OK
INFO:     127.0.0.1:41554 - "GET /static/js/order.js HTTP/1.1" 200 OK
INFO:     127.0.0.1:34046 - "GET /static/js/elements.js HTTP/1.1" 200 OK
INFO:     127.0.0.1:34046 - "GET /favicon.ico HTTP/1.1" 404 Not Found
INFO:     127.0.0.1:56736 - "GET / HTTP/1.1" 200 OK
INFO:     127.0.0.1:56744 - "GET /static/js/app.js HTTP/1.1" 200 OK
INFO:     127.0.0.1:56736 - "GET /static/styles.css HTTP/1.1" 404 Not Found
INFO:     127.0.0.1:56750 - "GET /static/js/report.js HTTP/1.1" 200 OK
INFO:     127.0.0.1:56762 - "GET /static/js/elements.js HTTP/1.1" 200 OK
INFO:     127.0.0.1:56766 - "GET /static/js/order.js HTTP/1.1" 200 OK
INFO:     127.0.0.1:56766 - "GET /favicon.ico HTTP/1.1" 404 Not Found
INFO:     127.0.0.1:40428 - "GET / HTTP/1.1" 200 OK
INFO:     127.0.0.1:40428 - "GET /static/styles.css HTTP/1.1" 404 Not Found
INFO:     127.0.0.1:40418 - "GET /static/js/app.js HTTP/1.1" 200 OK
INFO:     127.0.0.1:40436 - "GET /static/js/order.js HTTP/1.1" 200 OK
INFO:     127.0.0.1:40434 - "GET /static/js/report.js HTTP/1.1" 200 OK
INFO:     127.0.0.1:40438 - "GET /static/js/elements.js HTTP/1.1" 200 OK
INFO:     127.0.0.1:40438 - "GET /favicon.ico HTTP/1.1" 404 Not Found
INFO:     127.0.0.1:40438 - "GET / HTTP/1.1" 200 OK
INFO:     127.0.0.1:40438 - "GET /static/styles.css HTTP/1.1" 404 Not Found
INFO:     127.0.0.1:40438 - "GET /static/styles.css HTTP/1.1" 404 Not Found
INFO:     127.0.0.1:40438 - "GET / HTTP/1.1" 200 OK
INFO:     127.0.0.1:40438 - "GET /static/styles.css HTTP/1.1" 404 Not Found
INFO:     127.0.0.1:53878 - "GET /static/js/app.js HTTP/1.1" 200 OK
INFO:     127.0.0.1:53894 - "GET /static/js/report.js HTTP/1.1" 200 OK
INFO:     127.0.0.1:53896 - "GET /static/js/order.js HTTP/1.1" 200 OK
INFO:     127.0.0.1:53900 - "GET /static/js/elements.js HTTP/1.1" 200 OK
INFO:     127.0.0.1:53894 - "GET /favicon.ico HTTP/1.1" 404 Not Found
INFO:     127.0.0.1:37410 - "GET / HTTP/1.1" 200 OK
INFO:     127.0.0.1:37410 - "GET /static/styles.css HTTP/1.1" 404 Not Found
INFO:     127.0.0.1:37422 - "GET / HTTP/1.1" 200 OK
INFO:     127.0.0.1:37422 - "GET /static/styles.css HTTP/1.1" 404 Not Found
INFO:     127.0.0.1:37426 - "GET / HTTP/1.1" 200 OK
INFO:     127.0.0.1:37426 - "GET /static/style.css HTTP/1.1" 200 OK
INFO:     127.0.0.1:40544 - "GET /static/js/app.js HTTP/1.1" 200 OK
INFO:     127.0.0.1:40550 - "GET /static/js/order.js HTTP/1.1" 200 OK
INFO:     127.0.0.1:40568 - "GET /static/js/report.js HTTP/1.1" 200 OK
INFO:     127.0.0.1:40566 - "GET /static/js/elements.js HTTP/1.1" 200 OK
INFO:     127.0.0.1:40566 - "GET /favicon.ico HTTP/1.1" 404 Not Found
INFO:     127.0.0.1:38280 - "GET / HTTP/1.1" 200 OK
INFO:     127.0.0.1:38280 - "GET /static/style.css HTTP/1.1" 200 OK
INFO:     127.0.0.1:38290 - "GET /static/js/app.js HTTP/1.1" 200 OK
INFO:     127.0.0.1:38304 - "GET /static/js/report.js HTTP/1.1" 200 OK
INFO:     127.0.0.1:38312 - "GET /static/js/elements.js HTTP/1.1" 200 OK
INFO:     127.0.0.1:38328 - "GET /static/js/order.js HTTP/1.1" 200 OK
INFO:     127.0.0.1:38328 - "GET /favicon.ico HTTP/1.1" 404 Not Found
INFO:     127.0.0.1:57678 - "GET / HTTP/1.1" 200 OK
INFO:     127.0.0.1:57678 - "GET /static/style.css HTTP/1.1" 200 OK
INFO:     127.0.0.1:57680 - "GET /static/js/app.js HTTP/1.1" 304 Not Modified
INFO:     127.0.0.1:57682 - "GET /static/js/report.js HTTP/1.1" 304 Not Modified
INFO:     127.0.0.1:57684 - "GET /static/js/order.js HTTP/1.1" 304 Not Modified
INFO:     127.0.0.1:57692 - "GET /static/js/elements.js HTTP/1.1" 304 Not Modified
INFO:     127.0.0.1:58326 - "POST /api/generate/stream HTTP/1.1" 200 OK
[2025-10-12] 开始生成日报
>> 正在生成主体日报...
主体日报生成完毕。
>> 正在生成倒数三街镇月度排名趋势表...
趋势表生成完毕。
>> 正在生成街道镇乡统计表...
街道统计表生成完毕。
>> 正在生成区直单位统计表...
区直单位统计表生成完毕。
生成完毕，正在合并结果...
INFO:     127.0.0.1:50466 - "GET / HTTP/1.1" 200 OK
INFO:     127.0.0.1:50482 - "GET /static/js/app.js HTTP/1.1" 200 OK
INFO:     127.0.0.1:50466 - "GET /static/style.css HTTP/1.1" 200 OK
INFO:     127.0.0.1:50486 - "GET /static/js/report.js HTTP/1.1" 200 OK
INFO:     127.0.0.1:50502 - "GET /static/js/order.js HTTP/1.1" 200 OK
INFO:     127.0.0.1:50518 - "GET /static/js/elements.js HTTP/1.1" 200 OK
INFO:     127.0.0.1:50518 - "GET /favicon.ico HTTP/1.1" 404 Not Found
INFO:     127.0.0.1:50518 - "POST /api/generate/stream HTTP/1.1" 200 OK
[2025-10-10] 开始生成日报
>> 正在生成主体日报...
主体日报生成完毕。
>> 正在生成倒数三街镇月度排名趋势表...
趋势表生成完毕。
>> 正在生成街道镇乡统计表...
街道统计表生成完毕。
>> 正在生成区直单位统计表...
区直单位统计表生成完毕。
生成完毕，正在合并结果...
INFO:     127.0.0.1:50422 - "GET / HTTP/1.1" 200 OK
INFO:     127.0.0.1:50422 - "GET /static/style.css HTTP/1.1" 200 OK
INFO:     127.0.0.1:50430 - "GET /static/js/app.js HTTP/1.1" 200 OK
INFO:     127.0.0.1:50438 - "GET /static/js/report.js HTTP/1.1" 200 OK
INFO:     127.0.0.1:50444 - "GET /static/js/order.js HTTP/1.1" 200 OK
INFO:     127.0.0.1:50452 - "GET /static/js/elements.js HTTP/1.1" 200 OK
INFO:     127.0.0.1:50452 - "GET /favicon.ico HTTP/1.1" 404 Not Found
INFO:     127.0.0.1:36676 - "GET / HTTP/1.1" 200 OK
INFO:     127.0.0.1:36676 - "GET /static/style.css HTTP/1.1" 200 OK
INFO:     127.0.0.1:36678 - "GET /static/js/app.js HTTP/1.1" 200 OK
INFO:     127.0.0.1:36694 - "GET /static/js/report.js HTTP/1.1" 200 OK
INFO:     127.0.0.1:36702 - "GET /static/js/order.js HTTP/1.1" 200 OK
INFO:     127.0.0.1:36716 - "GET /static/js/elements.js HTTP/1.1" 200 OK
INFO:     127.0.0.1:36716 - "GET /favicon.ico HTTP/1.1" 404 Not Found
INFO:     127.0.0.1:58786 - "GET / HTTP/1.1" 200 OK
INFO:     127.0.0.1:58786 - "GET /static/style.css HTTP/1.1" 200 OK
INFO:     127.0.0.1:58800 - "GET /static/js/app.js HTTP/1.1" 200 OK
INFO:     127.0.0.1:58802 - "GET /static/js/report.js HTTP/1.1" 200 OK
INFO:     127.0.0.1:58814 - "GET /static/js/elements.js HTTP/1.1" 200 OK
INFO:     127.0.0.1:58826 - "GET /static/js/order.js HTTP/1.1" 200 OK
INFO:     127.0.0.1:58826 - "GET /favicon.ico HTTP/1.1" 404 Not Found
INFO:     127.0.0.1:59128 - "GET / HTTP/1.1" 200 OK
INFO:     127.0.0.1:59128 - "GET /static/style.css HTTP/1.1" 200 OK
INFO:     127.0.0.1:59136 - "GET /static/js/app.js HTTP/1.1" 200 OK
INFO:     127.0.0.1:59138 - "GET /static/js/order.js HTTP/1.1" 200 OK
INFO:     127.0.0.1:59144 - "GET /static/js/elements.js HTTP/1.1" 200 OK
INFO:     127.0.0.1:59166 - "GET /static/js/tickets_local.js HTTP/1.1" 200 OK
INFO:     127.0.0.1:59158 - "GET /static/js/report.js HTTP/1.1" 200 OK
INFO:     127.0.0.1:59158 - "GET /favicon.ico HTTP/1.1" 404 Not Found
INFO:     127.0.0.1:50080 - "GET / HTTP/1.1" 200 OK
INFO:     127.0.0.1:50080 - "GET /static/style.css HTTP/1.1" 304 Not Modified
INFO:     127.0.0.1:50084 - "GET /static/js/tickets_local.js HTTP/1.1" 304 Not Modified
INFO:     127.0.0.1:50084 - "GET / HTTP/1.1" 200 OK
INFO:     127.0.0.1:50084 - "GET /static/style.css HTTP/1.1" 200 OK
INFO:     127.0.0.1:50080 - "GET /static/js/app.js HTTP/1.1" 200 OK
INFO:     127.0.0.1:42992 - "GET /static/js/report.js HTTP/1.1" 200 OK
INFO:     127.0.0.1:43022 - "GET /static/js/elements.js HTTP/1.1" 200 OK
INFO:     127.0.0.1:43006 - "GET /static/js/order.js HTTP/1.1" 200 OK
INFO:     127.0.0.1:43034 - "GET /static/js/tickets_local.js HTTP/1.1" 200 OK
INFO:     127.0.0.1:43034 - "GET /favicon.ico HTTP/1.1" 404 Not Found
INFO:     127.0.0.1:43034 - "GET / HTTP/1.1" 200 OK
INFO:     127.0.0.1:43034 - "GET /static/style.css HTTP/1.1" 200 OK
INFO:     127.0.0.1:43022 - "GET /static/js/report.js HTTP/1.1" 200 OK
INFO:     127.0.0.1:43006 - "GET /static/js/app.js HTTP/1.1" 200 OK
INFO:     127.0.0.1:42992 - "GET /static/js/order.js HTTP/1.1" 200 OK
INFO:     127.0.0.1:43044 - "GET /static/js/tickets_local.js HTTP/1.1" 200 OK
INFO:     127.0.0.1:43060 - "GET /static/js/elements.js HTTP/1.1" 200 OK
INFO:     127.0.0.1:43044 - "GET /favicon.ico HTTP/1.1" 404 Not Found
INFO:     127.0.0.1:54060 - "GET / HTTP/1.1" 200 OK
INFO:     127.0.0.1:54060 - "GET /static/style.css HTTP/1.1" 200 OK
INFO:     127.0.0.1:54072 - "GET /static/js/app.js HTTP/1.1" 200 OK
INFO:     127.0.0.1:54092 - "GET /static/js/tickets_local.js HTTP/1.1" 200 OK
INFO:     127.0.0.1:54074 - "GET /static/js/order.js HTTP/1.1" 200 OK
INFO:     127.0.0.1:54078 - "GET /static/js/elements.js HTTP/1.1" 200 OK
INFO:     127.0.0.1:54108 - "GET /static/js/report.js HTTP/1.1" 200 OK
INFO:     127.0.0.1:54092 - "GET /favicon.ico HTTP/1.1" 404 Not Found
INFO:     127.0.0.1:48948 - "GET / HTTP/1.1" 200 OK
INFO:     127.0.0.1:48948 - "GET /static/style.css HTTP/1.1" 200 OK
INFO:     127.0.0.1:48956 - "GET /static/js/app.js HTTP/1.1" 200 OK
INFO:     127.0.0.1:48958 - "GET /static/js/report.js HTTP/1.1" 200 OK
INFO:     127.0.0.1:48984 - "GET /static/js/order.js HTTP/1.1" 200 OK
INFO:     127.0.0.1:48974 - "GET /static/js/elements.js HTTP/1.1" 200 OK
INFO:     127.0.0.1:48990 - "GET /static/js/tickets_local.js HTTP/1.1" 200 OK
INFO:     127.0.0.1:48990 - "GET /favicon.ico HTTP/1.1" 404 Not Found
INFO:     127.0.0.1:60352 - "GET /.well-known/appspecific/com.chrome.devtools.json HTTP/1.1" 404 Not Found
INFO:     127.0.0.1:60360 - "GET /static/style.css HTTP/1.1" 304 Not Modified
INFO:     127.0.0.1:55206 - "GET / HTTP/1.1" 200 OK
INFO:     127.0.0.1:55206 - "GET /static/style.css HTTP/1.1" 200 OK
INFO:     127.0.0.1:55214 - "GET /static/js/app.js HTTP/1.1" 200 OK
INFO:     127.0.0.1:55224 - "GET /static/js/report.js HTTP/1.1" 200 OK
INFO:     127.0.0.1:55236 - "GET /static/js/order.js HTTP/1.1" 200 OK
INFO:     127.0.0.1:55242 - "GET /static/js/tickets_local.js HTTP/1.1" 200 OK
INFO:     127.0.0.1:55258 - "GET /static/js/elements.js HTTP/1.1" 200 OK
INFO:     127.0.0.1:55258 - "GET /favicon.ico HTTP/1.1" 404 Not Found
INFO:     127.0.0.1:35910 - "GET / HTTP/1.1" 200 OK
INFO:     127.0.0.1:35910 - "GET /static/style.css HTTP/1.1" 200 OK
INFO:     127.0.0.1:35914 - "GET /static/js/app.js HTTP/1.1" 200 OK
INFO:     127.0.0.1:35916 - "GET /static/js/elements.js HTTP/1.1" 200 OK
INFO:     127.0.0.1:35932 - "GET /static/js/report.js HTTP/1.1" 200 OK
INFO:     127.0.0.1:35934 - "GET /static/js/order.js HTTP/1.1" 200 OK
INFO:     127.0.0.1:35942 - "GET /static/js/tickets_local.js HTTP/1.1" 200 OK
INFO:     127.0.0.1:35942 - "GET /favicon.ico HTTP/1.1" 404 Not Found
INFO:     127.0.0.1:32986 - "GET / HTTP/1.1" 200 OK
INFO:     127.0.0.1:32986 - "GET /static/style.css HTTP/1.1" 200 OK
INFO:     127.0.0.1:33002 - "GET /static/js/app.js HTTP/1.1" 200 OK
INFO:     127.0.0.1:33016 - "GET /static/js/report.js HTTP/1.1" 200 OK
INFO:     127.0.0.1:33022 - "GET /static/js/order.js HTTP/1.1" 200 OK
INFO:     127.0.0.1:33030 - "GET /static/js/elements.js HTTP/1.1" 200 OK
INFO:     127.0.0.1:33042 - "GET /static/js/tickets_local.js HTTP/1.1" 200 OK
INFO:     127.0.0.1:33042 - "GET /favicon.ico HTTP/1.1" 404 Not Found
INFO:     127.0.0.1:46856 - "GET / HTTP/1.1" 200 OK
INFO:     127.0.0.1:46856 - "GET /static/style.css HTTP/1.1" 200 OK
INFO:     127.0.0.1:46858 - "GET /static/js/app.js HTTP/1.1" 200 OK
INFO:     127.0.0.1:46862 - "GET /static/js/report.js HTTP/1.1" 200 OK
INFO:     127.0.0.1:46866 - "GET /static/js/elements.js HTTP/1.1" 200 OK
INFO:     127.0.0.1:46880 - "GET /static/js/tickets_local.js HTTP/1.1" 200 OK
INFO:     127.0.0.1:46870 - "GET /static/js/order.js HTTP/1.1" 200 OK
INFO:     127.0.0.1:46870 - "GET /favicon.ico HTTP/1.1" 404 Not Found
INFO:     127.0.0.1:46870 - "GET / HTTP/1.1" 200 OK
INFO:     127.0.0.1:46870 - "GET /static/js/tickets_local.js HTTP/1.1" 304 Not Modified
INFO:     127.0.0.1:46870 - "GET / HTTP/1.1" 200 OK
INFO:     127.0.0.1:46870 - "GET / HTTP/1.1" 200 OK
INFO:     127.0.0.1:46870 - "GET /static/js/tickets_local.js HTTP/1.1" 304 Not Modified
INFO:     127.0.0.1:46870 - "GET / HTTP/1.1" 200 OK
INFO:     127.0.0.1:41094 - "GET / HTTP/1.1" 200 OK
INFO:     127.0.0.1:41094 - "GET /static/js/tickets_local.js HTTP/1.1" 200 OK
INFO:     127.0.0.1:39916 - "GET / HTTP/1.1" 200 OK
INFO:     127.0.0.1:39916 - "GET /static/style.css HTTP/1.1" 200 OK
INFO:     127.0.0.1:39918 - "GET /static/js/app.js HTTP/1.1" 200 OK
INFO:     127.0.0.1:39924 - "GET /static/js/report.js HTTP/1.1" 200 OK
INFO:     127.0.0.1:39932 - "GET /static/js/order.js HTTP/1.1" 200 OK
INFO:     127.0.0.1:39942 - "GET /static/js/tickets_local.js HTTP/1.1" 200 OK
INFO:     127.0.0.1:39938 - "GET /static/js/elements.js HTTP/1.1" 200 OK
INFO:     127.0.0.1:39938 - "GET /favicon.ico HTTP/1.1" 404 Not Found
INFO:     127.0.0.1:43858 - "GET / HTTP/1.1" 200 OK
INFO:     127.0.0.1:43858 - "GET /static/style.css HTTP/1.1" 200 OK
INFO:     127.0.0.1:43862 - "GET /static/js/app.js HTTP/1.1" 200 OK
INFO:     127.0.0.1:43894 - "GET /static/js/order.js HTTP/1.1" 200 OK
INFO:     127.0.0.1:43878 - "GET /static/js/report.js HTTP/1.1" 200 OK
INFO:     127.0.0.1:43902 - "GET /static/js/elements.js HTTP/1.1" 200 OK
INFO:     127.0.0.1:43906 - "GET /static/js/tickets_local.js HTTP/1.1" 200 OK
INFO:     127.0.0.1:43906 - "GET /favicon.ico HTTP/1.1" 404 Not Found
INFO:     127.0.0.1:43906 - "GET / HTTP/1.1" 200 OK
INFO:     127.0.0.1:43906 - "GET /static/style.css HTTP/1.1" 200 OK
INFO:     127.0.0.1:43902 - "GET /static/js/app.js HTTP/1.1" 200 OK
INFO:     127.0.0.1:43894 - "GET /static/js/report.js HTTP/1.1" 200 OK
INFO:     127.0.0.1:43858 - "GET /static/js/tickets_local.js HTTP/1.1" 200 OK
INFO:     127.0.0.1:43862 - "GET /static/js/elements.js HTTP/1.1" 200 OK
INFO:     127.0.0.1:43878 - "GET /static/js/order.js HTTP/1.1" 200 OK
INFO:     127.0.0.1:43862 - "GET /favicon.ico HTTP/1.1" 404 Not Found
INFO:     127.0.0.1:43862 - "GET / HTTP/1.1" 200 OK
INFO:     127.0.0.1:43902 - "GET /static/js/tickets_local.js HTTP/1.1" 200 OK
INFO:     127.0.0.1:43862 - "GET /static/style.css HTTP/1.1" 200 OK
INFO:     127.0.0.1:43858 - "GET /static/js/report.js HTTP/1.1" 200 OK
INFO:     127.0.0.1:43894 - "GET /static/js/elements.js HTTP/1.1" 200 OK
INFO:     127.0.0.1:43906 - "GET /static/js/order.js HTTP/1.1" 200 OK
INFO:     127.0.0.1:43878 - "GET /static/js/app.js HTTP/1.1" 200 OK
INFO:     127.0.0.1:43862 - "GET /favicon.ico HTTP/1.1" 404 Not Found
INFO:     127.0.0.1:59514 - "GET / HTTP/1.1" 200 OK
INFO:     127.0.0.1:59514 - "GET /static/style.css HTTP/1.1" 200 OK
INFO:     127.0.0.1:59526 - "GET /static/js/app.js HTTP/1.1" 200 OK
INFO:     127.0.0.1:59532 - "GET /static/js/report.js HTTP/1.1" 200 OK
INFO:     127.0.0.1:59544 - "GET /static/js/elements.js HTTP/1.1" 200 OK
INFO:     127.0.0.1:59564 - "GET /static/js/tickets_local.js HTTP/1.1" 200 OK
INFO:     127.0.0.1:59548 - "GET /static/js/order.js HTTP/1.1" 200 OK
INFO:     127.0.0.1:59548 - "GET /favicon.ico HTTP/1.1" 404 Not Found
INFO:     127.0.0.1:59548 - "GET / HTTP/1.1" 200 OK
INFO:     127.0.0.1:59564 - "GET /static/js/app.js HTTP/1.1" 200 OK
INFO:     127.0.0.1:59532 - "GET /static/js/order.js HTTP/1.1" 200 OK
INFO:     127.0.0.1:59544 - "GET /static/js/report.js HTTP/1.1" 200 OK
INFO:     127.0.0.1:59548 - "GET /static/style.css HTTP/1.1" 200 OK
INFO:     127.0.0.1:59526 - "GET /static/js/elements.js HTTP/1.1" 200 OK
INFO:     127.0.0.1:59514 - "GET /static/js/tickets_local.js HTTP/1.1" 200 OK
INFO:     127.0.0.1:59548 - "GET /favicon.ico HTTP/1.1" 404 Not Found
INFO:     127.0.0.1:46992 - "GET / HTTP/1.1" 200 OK
INFO:     127.0.0.1:46992 - "GET /static/style.css HTTP/1.1" 200 OK
INFO:     127.0.0.1:47876 - "GET /static/js/app.js HTTP/1.1" 200 OK
INFO:     127.0.0.1:47886 - "GET /static/js/report.js HTTP/1.1" 200 OK
INFO:     127.0.0.1:47902 - "GET /static/js/tickets_local.js HTTP/1.1" 200 OK
INFO:     127.0.0.1:47914 - "GET /static/js/order.js HTTP/1.1" 200 OK
INFO:     127.0.0.1:47928 - "GET /static/js/elements.js HTTP/1.1" 200 OK
INFO:     127.0.0.1:47914 - "GET /favicon.ico HTTP/1.1" 404 Not Found
INFO:     127.0.0.1:43950 - "GET / HTTP/1.1" 200 OK
INFO:     127.0.0.1:43950 - "GET /static/style.css HTTP/1.1" 200 OK
INFO:     127.0.0.1:43956 - "GET /static/js/app.js HTTP/1.1" 200 OK
INFO:     127.0.0.1:43958 - "GET /static/js/tickets_local.js HTTP/1.1" 200 OK
INFO:     127.0.0.1:43972 - "GET /static/js/elements.js HTTP/1.1" 200 OK
INFO:     127.0.0.1:43986 - "GET /static/js/order.js HTTP/1.1" 200 OK
INFO:     127.0.0.1:43990 - "GET /static/js/report.js HTTP/1.1" 200 OK
INFO:     127.0.0.1:43990 - "GET /favicon.ico HTTP/1.1" 404 Not Found
INFO:     127.0.0.1:43990 - "GET / HTTP/1.1" 200 OK
INFO:     127.0.0.1:43990 - "GET /static/style.css HTTP/1.1" 200 OK
INFO:     127.0.0.1:43950 - "GET /static/js/tickets_local.js HTTP/1.1" 200 OK
INFO:     127.0.0.1:43986 - "GET /static/js/app.js HTTP/1.1" 200 OK
INFO:     127.0.0.1:43972 - "GET /static/js/report.js HTTP/1.1" 200 OK
INFO:     127.0.0.1:43958 - "GET /static/js/order.js HTTP/1.1" 200 OK
INFO:     127.0.0.1:43956 - "GET /static/js/elements.js HTTP/1.1" 200 OK
INFO:     127.0.0.1:43990 - "GET /favicon.ico HTTP/1.1" 404 Not Found
INFO:     127.0.0.1:38686 - "GET / HTTP/1.1" 200 OK
INFO:     127.0.0.1:38686 - "GET /static/style.css HTTP/1.1" 200 OK
INFO:     127.0.0.1:38688 - "GET /static/js/app.js HTTP/1.1" 200 OK
INFO:     127.0.0.1:38702 - "GET /static/js/order.js HTTP/1.1" 200 OK
INFO:     127.0.0.1:38708 - "GET /static/js/elements.js HTTP/1.1" 200 OK
INFO:     127.0.0.1:38706 - "GET /static/js/report.js HTTP/1.1" 200 OK
INFO:     127.0.0.1:38720 - "GET /static/js/tickets_local.js HTTP/1.1" 200 OK
INFO:     127.0.0.1:38720 - "GET /favicon.ico HTTP/1.1" 404 Not Found
INFO:     127.0.0.1:38720 - "GET / HTTP/1.1" 200 OK
INFO:     127.0.0.1:38688 - "GET /static/js/elements.js HTTP/1.1" 200 OK
INFO:     127.0.0.1:38686 - "GET /static/js/tickets_local.js HTTP/1.1" 200 OK
INFO:     127.0.0.1:38706 - "GET /static/js/app.js HTTP/1.1" 200 OK
INFO:     127.0.0.1:38720 - "GET /static/style.css HTTP/1.1" 200 OK
INFO:     127.0.0.1:38702 - "GET /static/js/order.js HTTP/1.1" 200 OK
INFO:     127.0.0.1:38708 - "GET /static/js/report.js HTTP/1.1" 200 OK
INFO:     127.0.0.1:38720 - "GET /favicon.ico HTTP/1.1" 404 Not Found
INFO:     127.0.0.1:60388 - "POST /api/generate/stream HTTP/1.1" 200 OK
[2025-10-10] 开始生成日报
>> 正在生成主体日报...
主体日报生成完毕。
>> 正在生成倒数三街镇月度排名趋势表...
趋势表生成完毕。
>> 正在生成街道镇乡统计表...
街道统计表生成完毕。
>> 正在生成区直单位统计表...
区直单位统计表生成完毕。
生成完毕，正在合并结果...
INFO:     127.0.0.1:39060 - "GET / HTTP/1.1" 200 OK
INFO:     127.0.0.1:39076 - "GET /static/js/app.js HTTP/1.1" 200 OK
INFO:     127.0.0.1:39060 - "GET /static/style.css HTTP/1.1" 304 Not Modified
INFO:     127.0.0.1:39080 - "GET /static/js/tickets_local.js HTTP/1.1" 304 Not Modified
INFO:     127.0.0.1:39080 - "GET / HTTP/1.1" 200 OK
INFO:     127.0.0.1:39080 - "GET / HTTP/1.1" 200 OK
INFO:     127.0.0.1:39080 - "GET /static/style.css HTTP/1.1" 200 OK
INFO:     127.0.0.1:39076 - "GET /static/js/app.js HTTP/1.1" 200 OK
INFO:     127.0.0.1:39060 - "GET /static/js/report.js HTTP/1.1" 200 OK
INFO:     127.0.0.1:56402 - "GET /static/js/order.js HTTP/1.1" 200 OK
INFO:     127.0.0.1:56408 - "GET /static/js/elements.js HTTP/1.1" 200 OK
INFO:     127.0.0.1:56418 - "GET /static/js/tickets_local.js HTTP/1.1" 200 OK
INFO:     127.0.0.1:56418 - "GET /favicon.ico HTTP/1.1" 404 Not Found
INFO:     127.0.0.1:56428 - "GET / HTTP/1.1" 200 OK
INFO:     127.0.0.1:56428 - "GET /static/style.css HTTP/1.1" 200 OK
INFO:     127.0.0.1:56436 - "GET /static/js/app.js HTTP/1.1" 200 OK
INFO:     127.0.0.1:56446 - "GET /static/js/elements.js HTTP/1.1" 200 OK
INFO:     127.0.0.1:56450 - "GET /static/js/report.js HTTP/1.1" 200 OK
INFO:     127.0.0.1:56454 - "GET /static/js/tickets_local.js HTTP/1.1" 200 OK
INFO:     127.0.0.1:56458 - "GET /static/js/order.js HTTP/1.1" 200 OK
INFO:     127.0.0.1:56454 - "GET /favicon.ico HTTP/1.1" 404 Not Found
INFO:     127.0.0.1:56454 - "GET / HTTP/1.1" 200 OK
INFO:     127.0.0.1:56458 - "GET /static/js/app.js HTTP/1.1" 200 OK
INFO:     127.0.0.1:56446 - "GET /static/js/report.js HTTP/1.1" 200 OK
INFO:     127.0.0.1:56428 - "GET /static/js/tickets_local.js HTTP/1.1" 200 OK
INFO:     127.0.0.1:56450 - "GET /static/js/order.js HTTP/1.1" 200 OK
INFO:     127.0.0.1:56454 - "GET /static/style.css HTTP/1.1" 200 OK
INFO:     127.0.0.1:56436 - "GET /static/js/elements.js HTTP/1.1" 200 OK
INFO:     127.0.0.1:56428 - "GET /favicon.ico HTTP/1.1" 404 Not Found
INFO:     127.0.0.1:52794 - "GET / HTTP/1.1" 200 OK
INFO:     127.0.0.1:52810 - "GET /static/js/tickets_local.js HTTP/1.1" 304 Not Modified
INFO:     127.0.0.1:52794 - "GET /static/js/app.js HTTP/1.1" 304 Not Modified
INFO:     127.0.0.1:52794 - "GET / HTTP/1.1" 200 OK
INFO:     127.0.0.1:52794 - "GET / HTTP/1.1" 200 OK
INFO:     127.0.0.1:52794 - "GET / HTTP/1.1" 200 OK
INFO:     127.0.0.1:52794 - "GET / HTTP/1.1" 200 OK
INFO:     127.0.0.1:52606 - "GET / HTTP/1.1" 200 OK
INFO:     127.0.0.1:52606 - "GET /static/js/app.js HTTP/1.1" 200 OK
INFO:     127.0.0.1:52606 - "GET / HTTP/1.1" 200 OK
INFO:     127.0.0.1:52606 - "GET /static/js/app.js HTTP/1.1" 304 Not Modified
INFO:     127.0.0.1:52616 - "GET / HTTP/1.1" 200 OK
INFO:     127.0.0.1:52616 - "GET /static/js/app.js HTTP/1.1" 200 OK
INFO:     127.0.0.1:52616 - "GET / HTTP/1.1" 200 OK
INFO:     127.0.0.1:52616 - "GET /static/js/app.js HTTP/1.1" 304 Not Modified
INFO:     127.0.0.1:52616 - "GET / HTTP/1.1" 200 OK
INFO:     127.0.0.1:52616 - "GET /static/js/app.js HTTP/1.1" 304 Not Modified
INFO:     127.0.0.1:50776 - "POST /api/generate/stream HTTP/1.1" 200 OK
[2025-10-12] 开始生成日报
>> 正在生成主体日报...
主体日报生成完毕。
>> 正在生成倒数三街镇月度排名趋势表...
趋势表生成完毕。
>> 正在生成街道镇乡统计表...
街道统计表生成完毕。
>> 正在生成区直单位统计表...
区直单位统计表生成完毕。
生成完毕，正在合并结果...
INFO:     127.0.0.1:56458 - "POST /api/generate/stream HTTP/1.1" 200 OK
INFO:     127.0.0.1:40938 - "POST /api/generate/stream HTTP/1.1" 200 OK
INFO:     127.0.0.1:50712 - "GET / HTTP/1.1" 200 OK
INFO:     127.0.0.1:50712 - "GET /static/style.css HTTP/1.1" 200 OK
INFO:     127.0.0.1:50726 - "GET /static/js/app.js HTTP/1.1" 200 OK
INFO:     127.0.0.1:50736 - "GET /static/js/report.js HTTP/1.1" 200 OK
INFO:     127.0.0.1:50748 - "GET /static/js/order.js HTTP/1.1" 200 OK
INFO:     127.0.0.1:50750 - "GET /static/js/elements.js HTTP/1.1" 200 OK
INFO:     127.0.0.1:50766 - "GET /static/js/tickets_local.js HTTP/1.1" 200 OK
INFO:     127.0.0.1:50766 - "GET /favicon.ico HTTP/1.1" 404 Not Found
INFO:     127.0.0.1:50766 - "GET / HTTP/1.1" 200 OK
INFO:     127.0.0.1:50712 - "GET /static/js/tickets_local.js HTTP/1.1" 200 OK
INFO:     127.0.0.1:50766 - "GET /static/style.css HTTP/1.1" 200 OK
INFO:     127.0.0.1:50726 - "GET /static/js/elements.js HTTP/1.1" 200 OK
INFO:     127.0.0.1:50750 - "GET /static/js/app.js HTTP/1.1" 200 OK
INFO:     127.0.0.1:50736 - "GET /static/js/order.js HTTP/1.1" 200 OK
INFO:     127.0.0.1:50748 - "GET /static/js/report.js HTTP/1.1" 200 OK
INFO:     127.0.0.1:50766 - "GET /favicon.ico HTTP/1.1" 404 Not Found
INFO:     127.0.0.1:52528 - "POST /api/generate/stream HTTP/1.1" 200 OK
[2025-10-12] 开始生成日报
>> 正在生成主体日报...
主体日报生成完毕。
>> 正在生成倒数三街镇月度排名趋势表...
趋势表生成完毕。
>> 正在生成街道镇乡统计表...
街道统计表生成完毕。
>> 正在生成区直单位统计表...
区直单位统计表生成完毕。
生成完毕，正在合并结果...
INFO:     127.0.0.1:38258 - "GET / HTTP/1.1" 200 OK
INFO:     127.0.0.1:38258 - "GET /static/style.css HTTP/1.1" 200 OK
INFO:     127.0.0.1:38262 - "GET /static/js/app.js HTTP/1.1" 200 OK
INFO:     127.0.0.1:38258 - "GET /static/js/tickets_local.js HTTP/1.1" 200 OK
INFO:     127.0.0.1:38268 - "GET /static/js/report.js HTTP/1.1" 200 OK
INFO:     127.0.0.1:38280 - "GET /static/js/dispatch.js HTTP/1.1" 200 OK
INFO:     127.0.0.1:38272 - "GET /static/js/order.js HTTP/1.1" 200 OK
INFO:     127.0.0.1:38286 - "GET /static/js/elements.js HTTP/1.1" 200 OK
INFO:     127.0.0.1:38286 - "GET /favicon.ico HTTP/1.1" 404 Not Found
INFO:     127.0.0.1:49446 - "GET / HTTP/1.1" 200 OK
INFO:     127.0.0.1:49446 - "GET /static/style.css HTTP/1.1" 304 Not Modified
INFO:     127.0.0.1:49456 - "GET /static/js/dispatch.js HTTP/1.1" 200 OK
INFO:     127.0.0.1:49456 - "GET / HTTP/1.1" 200 OK
INFO:     127.0.0.1:57832 - "GET / HTTP/1.1" 200 OK
INFO:     127.0.0.1:57832 - "GET /static/style.css HTTP/1.1" 200 OK
INFO:     127.0.0.1:57842 - "GET /static/js/app.js HTTP/1.1" 200 OK
INFO:     127.0.0.1:57832 - "GET /static/js/tickets_local.js HTTP/1.1" 200 OK
INFO:     127.0.0.1:57858 - "GET /static/js/order.js HTTP/1.1" 200 OK
INFO:     127.0.0.1:57868 - "GET /static/js/elements.js HTTP/1.1" 200 OK
INFO:     127.0.0.1:57900 - "GET /static/js/report.js HTTP/1.1" 200 OK
INFO:     127.0.0.1:57884 - "GET /static/js/dispatch.js HTTP/1.1" 200 OK
INFO:     127.0.0.1:57884 - "GET /favicon.ico HTTP/1.1" 404 Not Found
INFO:     127.0.0.1:38046 - "GET / HTTP/1.1" 200 OK
INFO:     127.0.0.1:38046 - "GET /static/style.css HTTP/1.1" 200 OK
INFO:     127.0.0.1:38054 - "GET /static/js/app.js HTTP/1.1" 200 OK
INFO:     127.0.0.1:38046 - "GET /static/js/tickets_local.js HTTP/1.1" 200 OK
INFO:     127.0.0.1:38062 - "GET /static/js/report.js HTTP/1.1" 200 OK
INFO:     127.0.0.1:38070 - "GET /static/js/order.js HTTP/1.1" 200 OK
INFO:     127.0.0.1:38072 - "GET /static/js/elements.js HTTP/1.1" 200 OK
INFO:     127.0.0.1:38088 - "GET /static/js/dispatch.js HTTP/1.1" 200 OK
INFO:     127.0.0.1:38088 - "GET /favicon.ico HTTP/1.1" 404 Not Found
INFO:     127.0.0.1:55212 - "GET / HTTP/1.1" 200 OK
INFO:     127.0.0.1:55212 - "GET /static/style.css HTTP/1.1" 200 OK
INFO:     127.0.0.1:55224 - "GET /static/js/app.js HTTP/1.1" 200 OK
INFO:     127.0.0.1:55212 - "GET /static/js/tickets_local.js HTTP/1.1" 200 OK
INFO:     127.0.0.1:55226 - "GET /static/js/order.js HTTP/1.1" 200 OK
INFO:     127.0.0.1:55242 - "GET /static/js/elements.js HTTP/1.1" 200 OK
INFO:     127.0.0.1:55258 - "GET /static/js/dispatch.js HTTP/1.1" 200 OK
INFO:     127.0.0.1:55250 - "GET /static/js/report.js HTTP/1.1" 200 OK
INFO:     127.0.0.1:55258 - "GET /favicon.ico HTTP/1.1" 404 Not Found
INFO:     127.0.0.1:59146 - "GET / HTTP/1.1" 200 OK
INFO:     127.0.0.1:59146 - "GET /static/style.css HTTP/1.1" 200 OK
INFO:     127.0.0.1:59148 - "GET /static/js/app.js HTTP/1.1" 200 OK
INFO:     127.0.0.1:59146 - "GET /static/js/tickets_local.js HTTP/1.1" 200 OK
INFO:     127.0.0.1:59156 - "GET /static/js/order.js HTTP/1.1" 200 OK
INFO:     127.0.0.1:59160 - "GET /static/js/elements.js HTTP/1.1" 200 OK
INFO:     127.0.0.1:59168 - "GET /static/js/dispatch.js HTTP/1.1" 200 OK
INFO:     127.0.0.1:59176 - "GET /static/js/report.js HTTP/1.1" 200 OK
INFO:     127.0.0.1:59168 - "GET /favicon.ico HTTP/1.1" 404 Not Found
INFO:     127.0.0.1:35344 - "GET / HTTP/1.1" 200 OK
INFO:     127.0.0.1:35344 - "GET /static/style.css HTTP/1.1" 200 OK
INFO:     127.0.0.1:35358 - "GET /static/js/app.js HTTP/1.1" 200 OK
INFO:     127.0.0.1:35344 - "GET /static/js/tickets_local.js HTTP/1.1" 200 OK
INFO:     127.0.0.1:35360 - "GET /static/js/order.js HTTP/1.1" 200 OK
INFO:     127.0.0.1:35370 - "GET /static/js/report.js HTTP/1.1" 200 OK
INFO:     127.0.0.1:35386 - "GET /static/js/elements.js HTTP/1.1" 200 OK
INFO:     127.0.0.1:35390 - "GET /static/js/dispatch.js HTTP/1.1" 200 OK
INFO:     127.0.0.1:35390 - "GET /favicon.ico HTTP/1.1" 404 Not Found
INFO:     127.0.0.1:52328 - "GET / HTTP/1.1" 200 OK
INFO:     127.0.0.1:52328 - "GET /static/style.css HTTP/1.1" 304 Not Modified
INFO:     127.0.0.1:52338 - "GET /static/js/dispatch.js HTTP/1.1" 304 Not Modified
INFO:     127.0.0.1:56486 - "GET / HTTP/1.1" 200 OK
INFO:     127.0.0.1:56486 - "GET /static/style.css HTTP/1.1" 200 OK
INFO:     127.0.0.1:56500 - "GET /static/js/app.js HTTP/1.1" 200 OK
INFO:     127.0.0.1:56500 - "GET /static/js/tickets_local.js HTTP/1.1" 200 OK
INFO:     127.0.0.1:56514 - "GET /static/js/order.js HTTP/1.1" 200 OK
INFO:     127.0.0.1:56528 - "GET /static/js/elements.js HTTP/1.1" 200 OK
INFO:     127.0.0.1:56536 - "GET /static/js/dispatch.js HTTP/1.1" 200 OK
INFO:     127.0.0.1:56552 - "GET /static/js/report.js HTTP/1.1" 200 OK
INFO:     127.0.0.1:56552 - "GET /favicon.ico HTTP/1.1" 404 Not Found
INFO:     127.0.0.1:56552 - "GET / HTTP/1.1" 200 OK
INFO:     127.0.0.1:56552 - "GET /static/style.css HTTP/1.1" 200 OK
INFO:     127.0.0.1:56514 - "GET /static/js/app.js HTTP/1.1" 200 OK
INFO:     127.0.0.1:56500 - "GET /static/js/dispatch.js HTTP/1.1" 200 OK
INFO:     127.0.0.1:56486 - "GET /static/js/elements.js HTTP/1.1" 200 OK
INFO:     127.0.0.1:56536 - "GET /static/js/report.js HTTP/1.1" 200 OK
INFO:     127.0.0.1:56528 - "GET /static/js/order.js HTTP/1.1" 200 OK
INFO:     127.0.0.1:56514 - "GET /static/js/tickets_local.js HTTP/1.1" 200 OK
INFO:     127.0.0.1:56552 - "GET /favicon.ico HTTP/1.1" 404 Not Found
INFO:     127.0.0.1:60892 - "GET / HTTP/1.1" 200 OK
INFO:     127.0.0.1:60892 - "GET /static/style.css HTTP/1.1" 200 OK
INFO:     127.0.0.1:60894 - "GET /static/js/app.js HTTP/1.1" 200 OK
INFO:     127.0.0.1:60892 - "GET /static/js/tickets_local.js HTTP/1.1" 200 OK
INFO:     127.0.0.1:60906 - "GET /static/js/report.js HTTP/1.1" 200 OK
INFO:     127.0.0.1:60920 - "GET /static/js/order.js HTTP/1.1" 200 OK
INFO:     127.0.0.1:60928 - "GET /static/js/dispatch.js HTTP/1.1" 200 OK
INFO:     127.0.0.1:60936 - "GET /static/js/elements.js HTTP/1.1" 200 OK
INFO:     127.0.0.1:60928 - "GET /favicon.ico HTTP/1.1" 404 Not Found
INFO:     127.0.0.1:36260 - "GET / HTTP/1.1" 200 OK
INFO:     127.0.0.1:36260 - "GET /static/style.css HTTP/1.1" 200 OK
INFO:     127.0.0.1:36268 - "GET /static/js/app.js HTTP/1.1" 200 OK
INFO:     127.0.0.1:36260 - "GET /static/js/tickets_local.js HTTP/1.1" 200 OK
INFO:     127.0.0.1:36270 - "GET /static/js/report.js HTTP/1.1" 200 OK
INFO:     127.0.0.1:36276 - "GET /static/js/elements.js HTTP/1.1" 200 OK
INFO:     127.0.0.1:36284 - "GET /static/js/dispatch.js HTTP/1.1" 200 OK
INFO:     127.0.0.1:36296 - "GET /static/js/order.js HTTP/1.1" 200 OK
INFO:     127.0.0.1:36296 - "GET /favicon.ico HTTP/1.1" 404 Not Found
INFO:     127.0.0.1:60390 - "GET / HTTP/1.1" 200 OK
INFO:     127.0.0.1:60390 - "GET /static/style.css HTTP/1.1" 200 OK
INFO:     127.0.0.1:60400 - "GET /static/js/app.js HTTP/1.1" 200 OK
INFO:     127.0.0.1:60390 - "GET /static/js/tickets_local.js HTTP/1.1" 200 OK
INFO:     127.0.0.1:60410 - "GET /static/js/order.js HTTP/1.1" 200 OK
INFO:     127.0.0.1:60414 - "GET /static/js/dispatch.js HTTP/1.1" 200 OK
INFO:     127.0.0.1:60420 - "GET /static/js/elements.js HTTP/1.1" 200 OK
INFO:     127.0.0.1:60422 - "GET /static/js/report.js HTTP/1.1" 200 OK
INFO:     127.0.0.1:60422 - "GET /favicon.ico HTTP/1.1" 404 Not Found
INFO:     127.0.0.1:45830 - "GET / HTTP/1.1" 200 OK
INFO:     127.0.0.1:45830 - "GET /static/style.css HTTP/1.1" 200 OK
INFO:     127.0.0.1:45840 - "GET /static/js/app.js HTTP/1.1" 200 OK
INFO:     127.0.0.1:45840 - "GET /static/js/tickets_local.js HTTP/1.1" 200 OK
INFO:     127.0.0.1:45852 - "GET /static/js/elements.js HTTP/1.1" 200 OK
INFO:     127.0.0.1:45846 - "GET /static/js/report.js HTTP/1.1" 200 OK
INFO:     127.0.0.1:45862 - "GET /static/js/order.js HTTP/1.1" 200 OK
INFO:     127.0.0.1:45870 - "GET /static/js/dispatch.js HTTP/1.1" 200 OK
INFO:     127.0.0.1:45870 - "GET /favicon.ico HTTP/1.1" 404 Not Found
INFO:     127.0.0.1:52576 - "GET / HTTP/1.1" 200 OK
INFO:     127.0.0.1:52576 - "GET /static/style.css HTTP/1.1" 200 OK
INFO:     127.0.0.1:52586 - "GET /static/js/app.js HTTP/1.1" 200 OK
INFO:     127.0.0.1:52592 - "GET /static/js/report.js HTTP/1.1" 200 OK
INFO:     127.0.0.1:52606 - "GET /static/js/tickets_local.js HTTP/1.1" 200 OK
INFO:     127.0.0.1:52618 - "GET /static/js/order.js HTTP/1.1" 200 OK
INFO:     127.0.0.1:52622 - "GET /static/js/elements.js HTTP/1.1" 200 OK
INFO:     127.0.0.1:52622 - "GET /favicon.ico HTTP/1.1" 404 Not Found
INFO:     127.0.0.1:56140 - "POST /api/generate/stream HTTP/1.1" 200 OK
[2025-10-12] 开始生成日报
>> 正在生成主体日报...
主体日报生成完毕。
>> 正在生成倒数三街镇月度排名趋势表...
趋势表生成完毕。
>> 正在生成街道镇乡统计表...
街道统计表生成完毕。
>> 正在生成区直单位统计表...
区直单位统计表生成完毕。
生成完毕，正在合并结果...
INFO:     127.0.0.1:46076 - "GET / HTTP/1.1" 200 OK
INFO:     127.0.0.1:46076 - "GET /static/style.css HTTP/1.1" 200 OK
INFO:     127.0.0.1:46090 - "GET /static/js/app.js HTTP/1.1" 200 OK
INFO:     127.0.0.1:46076 - "GET /static/js/tickets_local.js HTTP/1.1" 200 OK
INFO:     127.0.0.1:46094 - "GET /static/js/report.js HTTP/1.1" 200 OK
INFO:     127.0.0.1:46104 - "GET /static/js/order.js HTTP/1.1" 200 OK
INFO:     127.0.0.1:46108 - "GET /static/js/assistant.js HTTP/1.1" 200 OK
INFO:     127.0.0.1:46124 - "GET /static/js/elements.js HTTP/1.1" 200 OK
INFO:     127.0.0.1:46124 - "GET /favicon.ico HTTP/1.1" 404 Not Found
INFO:     127.0.0.1:55764 - "GET / HTTP/1.1" 200 OK
INFO:     127.0.0.1:55764 - "GET /static/style.css HTTP/1.1" 200 OK
INFO:     127.0.0.1:55768 - "GET /static/js/app.js HTTP/1.1" 200 OK
INFO:     127.0.0.1:55764 - "GET /static/js/tickets_local.js HTTP/1.1" 200 OK
INFO:     127.0.0.1:55778 - "GET /static/js/elements.js HTTP/1.1" 200 OK
INFO:     127.0.0.1:55784 - "GET /static/js/report.js HTTP/1.1" 200 OK
INFO:     127.0.0.1:55798 - "GET /static/js/assistant.js HTTP/1.1" 200 OK
INFO:     127.0.0.1:55790 - "GET /static/js/order.js HTTP/1.1" 200 OK
INFO:     127.0.0.1:55790 - "GET /favicon.ico HTTP/1.1" 404 Not Found
INFO:     127.0.0.1:60706 - "GET / HTTP/1.1" 200 OK
INFO:     127.0.0.1:60706 - "GET /static/style.css HTTP/1.1" 200 OK
INFO:     127.0.0.1:60708 - "GET /static/js/app.js HTTP/1.1" 200 OK
INFO:     127.0.0.1:60708 - "GET /static/js/tickets_local.js HTTP/1.1" 200 OK
INFO:     127.0.0.1:60710 - "GET /static/js/report.js HTTP/1.1" 200 OK
INFO:     127.0.0.1:60726 - "GET /static/js/assistant.js HTTP/1.1" 200 OK
INFO:     127.0.0.1:60734 - "GET /static/js/elements.js HTTP/1.1" 200 OK
INFO:     127.0.0.1:60746 - "GET /static/js/order.js HTTP/1.1" 200 OK
INFO:     127.0.0.1:60746 - "GET /favicon.ico HTTP/1.1" 404 Not Found
INFO:     127.0.0.1:59502 - "GET / HTTP/1.1" 200 OK
INFO:     127.0.0.1:59506 - "GET /static/js/app.js HTTP/1.1" 200 OK
INFO:     127.0.0.1:59502 - "GET /static/style.css HTTP/1.1" 200 OK
INFO:     127.0.0.1:59506 - "GET /static/js/tickets_local.js HTTP/1.1" 200 OK
INFO:     127.0.0.1:59536 - "GET /static/js/order.js HTTP/1.1" 200 OK
INFO:     127.0.0.1:59522 - "GET /static/js/report.js HTTP/1.1" 200 OK
INFO:     127.0.0.1:59552 - "GET /static/js/assistant.js HTTP/1.1" 200 OK
INFO:     127.0.0.1:59550 - "GET /static/js/elements.js HTTP/1.1" 200 OK
INFO:     127.0.0.1:44212 - "GET /favicon.ico HTTP/1.1" 404 Not Found
INFO:     127.0.0.1:44212 - "GET / HTTP/1.1" 200 OK
INFO:     127.0.0.1:44212 - "GET /static/style.css HTTP/1.1" 200 OK
INFO:     127.0.0.1:44224 - "GET /static/js/app.js HTTP/1.1" 200 OK
INFO:     127.0.0.1:44224 - "GET /static/js/tickets_local.js HTTP/1.1" 200 OK
INFO:     127.0.0.1:44238 - "GET /static/js/order.js HTTP/1.1" 200 OK
INFO:     127.0.0.1:44244 - "GET /static/js/elements.js HTTP/1.1" 200 OK
INFO:     127.0.0.1:44260 - "GET /static/js/report.js HTTP/1.1" 200 OK
INFO:     127.0.0.1:44266 - "GET /static/js/assistant.js HTTP/1.1" 200 OK
INFO:     127.0.0.1:44266 - "GET /favicon.ico HTTP/1.1" 404 Not Found
INFO:     127.0.0.1:55906 - "GET / HTTP/1.1" 200 OK
INFO:     127.0.0.1:55908 - "GET /static/js/assistant.js HTTP/1.1" 304 Not Modified
INFO:     127.0.0.1:55906 - "GET /static/style.css HTTP/1.1" 200 OK
INFO:     127.0.0.1:55906 - "GET / HTTP/1.1" 200 OK
INFO:     127.0.0.1:55906 - "GET /static/style.css HTTP/1.1" 200 OK
INFO:     127.0.0.1:55908 - "GET /static/js/app.js HTTP/1.1" 200 OK
INFO:     127.0.0.1:55908 - "GET /static/js/tickets_local.js HTTP/1.1" 200 OK
INFO:     127.0.0.1:55924 - "GET /static/js/order.js HTTP/1.1" 200 OK
INFO:     127.0.0.1:55954 - "GET /static/js/assistant.js HTTP/1.1" 200 OK
INFO:     127.0.0.1:55932 - "GET /static/js/elements.js HTTP/1.1" 200 OK
INFO:     127.0.0.1:55946 - "GET /static/js/report.js HTTP/1.1" 200 OK
INFO:     127.0.0.1:55932 - "GET /favicon.ico HTTP/1.1" 404 Not Found
INFO:     127.0.0.1:40650 - "GET / HTTP/1.1" 200 OK
INFO:     127.0.0.1:40650 - "GET /static/style.css HTTP/1.1" 200 OK
INFO:     127.0.0.1:40662 - "GET /static/js/app.js HTTP/1.1" 200 OK
INFO:     127.0.0.1:40662 - "GET /static/js/tickets_local.js HTTP/1.1" 200 OK
INFO:     127.0.0.1:40680 - "GET /static/js/elements.js HTTP/1.1" 200 OK
INFO:     127.0.0.1:40692 - "GET /static/js/assistant.js HTTP/1.1" 200 OK
INFO:     127.0.0.1:40706 - "GET /static/js/order.js HTTP/1.1" 200 OK
INFO:     127.0.0.1:40676 - "GET /static/js/report.js HTTP/1.1" 200 OK
INFO:     127.0.0.1:40676 - "GET /favicon.ico HTTP/1.1" 404 Not Found
INFO:     127.0.0.1:40676 - "GET / HTTP/1.1" 200 OK
INFO:     127.0.0.1:40676 - "GET /static/style.css HTTP/1.1" 200 OK
INFO:     127.0.0.1:40692 - "GET /static/js/report.js HTTP/1.1" 200 OK
INFO:     127.0.0.1:40706 - "GET /static/js/app.js HTTP/1.1" 200 OK
INFO:     127.0.0.1:40680 - "GET /static/js/order.js HTTP/1.1" 200 OK
INFO:     127.0.0.1:40650 - "GET /static/js/elements.js HTTP/1.1" 200 OK
INFO:     127.0.0.1:40662 - "GET /static/js/assistant.js HTTP/1.1" 200 OK
INFO:     127.0.0.1:40692 - "GET /static/js/tickets_local.js HTTP/1.1" 200 OK
INFO:     127.0.0.1:40676 - "GET /favicon.ico HTTP/1.1" 404 Not Found
INFO:     127.0.0.1:36270 - "GET / HTTP/1.1" 200 OK
INFO:     127.0.0.1:36270 - "GET /static/style.css HTTP/1.1" 200 OK
INFO:     127.0.0.1:36274 - "GET /static/js/app.js HTTP/1.1" 200 OK
INFO:     127.0.0.1:36270 - "GET /static/js/tickets_local.js HTTP/1.1" 200 OK
INFO:     127.0.0.1:36288 - "GET /static/js/report.js HTTP/1.1" 200 OK
INFO:     127.0.0.1:36302 - "GET /static/js/assistant.js HTTP/1.1" 200 OK
INFO:     127.0.0.1:36304 - "GET /static/js/elements.js HTTP/1.1" 200 OK
INFO:     127.0.0.1:36308 - "GET /static/js/order.js HTTP/1.1" 200 OK
INFO:     127.0.0.1:36304 - "GET /favicon.ico HTTP/1.1" 404 Not Found
INFO:     127.0.0.1:36304 - "GET / HTTP/1.1" 200 OK
INFO:     127.0.0.1:36274 - "GET /static/js/assistant.js HTTP/1.1" 200 OK
INFO:     127.0.0.1:36304 - "GET /static/style.css HTTP/1.1" 200 OK
INFO:     127.0.0.1:36270 - "GET /static/js/elements.js HTTP/1.1" 200 OK
INFO:     127.0.0.1:36302 - "GET /static/js/app.js HTTP/1.1" 200 OK
INFO:     127.0.0.1:36308 - "GET /static/js/report.js HTTP/1.1" 200 OK
INFO:     127.0.0.1:36288 - "GET /static/js/order.js HTTP/1.1" 200 OK
INFO:     127.0.0.1:36304 - "GET /static/js/tickets_local.js HTTP/1.1" 200 OK
INFO:     127.0.0.1:36304 - "GET /favicon.ico HTTP/1.1" 404 Not Found
INFO:     127.0.0.1:47094 - "POST /api/generate/stream HTTP/1.1" 200 OK
[2025-10-12] 开始生成日报
>> 正在生成主体日报...
主体日报生成完毕。
>> 正在生成倒数三街镇月度排名趋势表...
趋势表生成完毕。
>> 正在生成街道镇乡统计表...
街道统计表生成完毕。
>> 正在生成区直单位统计表...
区直单位统计表生成完毕。
生成完毕，正在合并结果...
INFO:     127.0.0.1:40164 - "GET / HTTP/1.1" 200 OK
INFO:     127.0.0.1:40164 - "GET /static/style.css HTTP/1.1" 304 Not Modified
INFO:     127.0.0.1:40180 - "GET /static/js/app.js HTTP/1.1" 304 Not Modified
INFO:     127.0.0.1:40164 - "GET /static/js/tickets_local.js HTTP/1.1" 304 Not Modified
INFO:     127.0.0.1:40188 - "GET /static/js/report.js HTTP/1.1" 304 Not Modified
INFO:     127.0.0.1:40190 - "GET /static/js/elements.js HTTP/1.1" 304 Not Modified
INFO:     127.0.0.1:40206 - "GET /static/js/assistant.js HTTP/1.1" 304 Not Modified
INFO:     127.0.0.1:40212 - "GET /static/js/order.js HTTP/1.1" 304 Not Modified
